-181.720770,25.934511,-74.074137,190.000000,-181.712927,
-210.400175,40.390607,161.854942,0.000000,-210.391094,
-181.230056,22.987000,-78.584423,189.971849,-179.778325,
-209.994172,42.137843,159.713770,3.270538,-212.046584,
-180.739341,19.922352,-83.032884,189.887406,-177.828643,
-209.588168,43.670355,157.446944,6.540106,-213.684285,
-180.248627,16.756185,-87.416018,189.746695,-175.864042,
-209.182165,44.980332,155.056247,9.807737,-215.304061,
-179.757912,13.504632,-91.730378,189.549758,-173.884688,
-208.776161,46.061100,152.543560,13.072461,-216.905775,
-179.267197,10.184262,-95.972570,189.296653,-171.890747,
-208.370158,46.907151,149.910860,16.333312,-218.489293,
-178.776483,6.811996,-100.139255,188.987456,-169.882386,
-207.964154,47.514174,147.160218,19.589323,-220.054481,
-178.285768,3.405018,-104.227156,188.622257,-167.859774,
-207.558151,47.879075,144.293797,22.839529,-221.601210,
-177.795054,-0.019312,-108.233056,188.201166,-165.823080,
-207.152148,47.999996,141.313855,26.082967,-223.129348,
-177.304339,-3.443544,-112.153805,187.724306,-163.772476,
-206.746144,47.876320,138.222733,29.318676,-224.638768,
-176.813624,-6.850227,-115.986317,187.191820,-161.708132,
-206.340141,47.508677,135.022866,32.545697,-226.129344,
-176.322910,-10.222004,-119.727577,186.603865,-159.630223,
-205.934137,46.898941,131.716769,35.763075,-227.600949,
-175.832195,-13.541692,-123.374641,185.960615,-157.538922,
-205.528134,46.050218,128.307045,38.969855,-229.053461,
-175.341481,-16.792374,-126.924641,185.262261,-155.434406,
-205.122130,44.966834,124.796376,42.165087,-230.486758,
-174.850766,-19.957486,-130.374784,184.509010,-153.316850,
-204.716127,43.654310,121.187523,45.347826,-231.900719,
-174.360052,-23.020899,-133.722354,183.701085,-151.186433,
-204.310123,42.119333,117.483327,48.517126,-233.295226,
-173.869337,-25.967004,-136.964719,182.838725,-149.043332,
-203.904120,40.369725,113.686700,51.672050,-234.670162,
-173.378622,-28.780786,-140.099327,181.922186,-146.887729,
-203.498116,38.414403,109.800631,54.811662,-236.025412,
-172.887908,-31.447908,-143.123712,180.951739,-144.719803,
-203.092113,36.263330,105.828177,57.935033,-237.360862,
-172.397193,-33.954779,-146.035495,179.927673,-142.539736,
-202.686109,33.927467,101.772463,61.041236,-238.676399,
-171.906479,-36.288623,-148.832385,178.850290,-140.347712,
-202.280106,31.418717,97.636679,64.129351,-239.971915,
-171.415764,-38.437550,-151.512182,177.719910,-138.143914,
-201.874102,28.749865,93.424080,67.198463,-241.247298,
-170.925050,-40.390607,-154.072777,176.536868,-135.928527,
-201.468099,25.934511,89.137980,70.247663,-242.502444,
-170.434335,-42.137843,-156.512155,175.301514,-133.701738,
-201.062095,22.987000,84.781751,73.276047,-243.737246,
-169.943620,-43.670355,-158.828398,174.014215,-131.463732,
-200.656092,19.922352,80.358820,76.282718,-244.951602,
-169.452906,-44.980332,-161.019683,172.675351,-129.214698,
-200.250089,16.756185,75.872667,79.266784,-246.145408,
-168.962191,-46.061100,-163.084287,171.285320,-126.954823,
-199.844085,13.504632,71.326822,82.227363,-247.318565,
-168.471477,-46.907151,-165.020584,169.844533,-124.684299,
-199.438082,10.184262,66.724860,85.163575,-248.470975,
-167.980762,-47.514174,-166.827052,168.353418,-122.403315,
-199.032078,6.811996,62.070403,88.074551,-249.602541,
-167.490047,-47.879075,-168.502269,166.812416,-120.112063,
-198.626075,3.405018,57.367111,90.959430,-250.713168,
-166.999333,-47.999996,-170.044917,165.221984,-117.810734,
-198.220071,-0.019312,52.618687,93.817355,-251.802762,
-166.508618,-47.876320,-171.453783,163.582593,-115.499523,
-197.814068,-3.443544,47.828865,96.647479,-252.871233,
-166.017904,-47.508677,-172.727758,161.894729,-113.178622,
-197.408064,-6.850227,43.001413,99.448965,-253.918490,
-165.527189,-46.898941,-173.865840,160.158892,-110.848226,
-197.002061,-10.222004,38.140131,102.220983,-254.944446,
-165.036475,-46.050218,-174.867134,158.375597,-108.508532,
-196.596057,-13.541692,33.248842,104.962710,-255.949015,
-164.545760,-44.966834,-175.730851,156.545371,-106.159735,
-196.190054,-16.792374,28.331394,107.673334,-256.932113,
-164.055045,-43.654310,-176.456313,154.668758,-103.802032,
-195.784050,-19.957486,23.391657,110.352052,-257.893657,
-163.564331,-42.119333,-177.042948,152.746313,-101.435621,
-195.378047,-23.020899,18.433516,112.998071,-258.833566,
-163.073616,-40.369725,-177.490295,150.778606,-99.060701,
-194.972043,-25.967004,13.460873,115.610605,-259.751761,
-162.582902,-38.414403,-177.798002,148.766220,-96.677471,
-194.566040,-28.780786,8.477639,118.188882,-260.648166,
-162.092187,-36.263330,-177.965827,146.709751,-94.286130,
-194.160036,-31.447908,3.487736,120.732137,-261.522706,
-161.601472,-33.927467,-177.993638,144.609809,-91.886880,
-193.754033,-33.954779,-1.504911,123.239617,-262.375306,
-161.110758,-31.418717,-177.881413,142.467016,-89.479921,
-193.348030,-36.288623,-6.496374,125.710577,-263.205896,
-160.620043,-28.749865,-177.629240,140.282007,-87.065456,
-192.942026,-38.437550,-11.482726,128.144288,-264.014406,
-160.129329,-25.934511,-177.237318,138.055430,-84.643687,
-192.536023,-40.390607,-16.460045,130.540026,-264.800767,
-159.638614,-22.987000,-176.705955,135.787943,-82.214818,
-192.130019,-42.137843,-21.424413,132.897082,-265.564914,
-159.147900,-19.922352,-176.035569,133.480220,-79.779051,
-191.724016,-43.670355,-26.371926,135.214758,-266.306784,
-158.657185,-16.756185,-175.226687,131.132944,-77.336592,
-191.318012,-44.980332,-31.298690,137.492367,-267.026313,
-158.166470,-13.504632,-174.279947,128.746810,-74.887645,
-190.912009,-46.061100,-36.200831,139.729234,-267.723441,
-157.675756,-10.184262,-173.196092,126.322526,-72.432415,
-190.506005,-46.907151,-41.074490,141.924697,-268.398110,
-157.185041,-6.811996,-171.975975,123.860809,-69.971110,
-190.100002,-47.514174,-45.915835,144.078104,-269.050263,
-156.694327,-3.405018,-170.620557,121.362390,-67.503934,
-189.693998,-47.879075,-50.721055,146.188817,-269.679845,
-156.203612,0.019312,-169.130904,118.828009,-65.031096,
-189.287995,-47.999996,-55.486370,148.256212,-270.286804,
-155.712897,3.443544,-167.508187,116.258416,-62.552802,
-188.881991,-47.876320,-60.208032,150.279675,-270.871089,
-155.222183,6.850227,-165.753684,113.654374,-60.069261,
-188.475988,-47.508677,-64.882326,152.258607,-271.432651,
-154.731468,10.222004,-163.868775,111.016653,-57.580680,
-188.069984,-46.898941,-69.505573,154.192421,-271.971442,
-154.240754,13.541692,-161.854942,108.346036,-55.087269,
-187.663981,-46.050218,-74.074137,156.080545,-272.487418,
-153.750039,16.792374,-159.713770,105.643313,-52.589237,
-187.257977,-44.966834,-78.584423,157.922419,-272.980534,
-153.259325,19.957486,-157.446944,102.909286,-50.086793,
-186.851974,-43.654310,-83.032884,159.717497,-273.450751,
-152.768610,23.020899,-155.056247,100.144765,-47.580148,
-186.445970,-42.119333,-87.416018,161.465247,-273.898028,
-152.277895,25.967004,-152.543560,97.350568,-45.069510,
-186.039967,-40.369725,-91.730378,163.165152,-274.322327,
-151.787181,28.780786,-149.910860,94.527525,-42.555092,
-185.633964,-38.414403,-95.972570,164.816707,-274.723614,
-151.296466,31.447908,-147.160218,91.676471,-40.037104,
-185.227960,-36.263330,-100.139255,166.419424,-275.101854,
-150.805752,33.954779,-144.293797,88.798251,-37.515758,
-184.821957,-33.927467,-104.227156,167.972827,-275.457016,
-150.315037,36.288623,-141.313855,85.893719,-34.991264,
-184.415953,-31.418717,-108.233056,169.476456,-275.789071,
-149.824322,38.437550,-138.222733,82.963734,-32.463835,
-184.009950,-28.749865,-112.153805,170.929865,-276.097989,
-149.333608,40.390607,-135.022866,80.009165,-29.933682,
-183.603946,-25.934511,-115.986317,172.332624,-276.383745,
-148.842893,42.137843,-131.716769,77.030888,-27.401018,
-183.197943,-22.987000,-119.727577,173.684318,-276.646316,
-148.352179,43.670355,-128.307045,74.029785,-24.866056,
-182.791939,-19.922352,-123.374641,174.984545,-276.885679,
-147.861464,44.980332,-124.796376,71.006746,-22.329008,
-182.385936,-16.756185,-126.924641,176.232920,-277.101814,
-147.370750,46.061100,-121.187523,67.962665,-19.790086,
-181.979932,-13.504632,-130.374784,177.429073,-277.294703,
-146.880035,46.907151,-117.483327,64.898446,-17.249504,
-181.573929,-10.184262,-133.722354,178.572651,-277.464330,
-146.389320,47.514174,-113.686700,61.814996,-14.707475,
-181.167925,-6.811996,-136.964719,179.663314,-277.610681,
-145.898606,47.879075,-109.800631,58.713229,-12.164213,
-180.761922,-3.405018,-140.099327,180.700738,-277.733743,
-145.407891,47.999996,-105.828177,55.594064,-9.619930,
-180.355918,0.019312,-143.123712,181.684617,-277.833506,
-144.917177,47.876320,-101.772463,52.458425,-7.074840,
-179.949915,3.443544,-146.035495,182.614659,-277.909961,
-144.426462,47.508677,-97.636679,49.307241,-4.529156,
-179.543911,6.850227,-148.832385,183.490588,-277.963103,
-143.935747,46.898941,-93.424080,46.141447,-1.983092,
-179.137908,10.222004,-151.512182,184.312145,-277.992927,
-143.445033,46.050218,-89.137980,42.961980,0.563137,
-178.731905,13.541692,-154.072777,185.079086,-277.999430,
-142.954318,44.966834,-84.781751,39.769783,3.109320,
-178.325901,16.792374,-156.512155,185.791185,-277.982611,
-142.463604,43.654310,-80.358820,36.565801,5.655242,
-177.919898,19.957486,-158.828398,186.448229,-277.942473,
-141.972889,42.119333,-75.872667,33.350983,8.200689,
-177.513894,23.020899,-161.019683,187.050025,-277.879018,
-141.482175,40.369725,-71.326822,30.126283,10.745449,
-177.107891,25.967004,-163.084287,187.596394,-277.792252,
-140.991460,38.414403,-66.724860,26.892656,13.289307,
-176.701887,28.780786,-165.020584,188.087174,-277.682182,
-140.500745,36.263330,-62.070403,23.651060,15.832050,
-176.295884,31.447908,-166.827052,188.522220,-277.548818,
-140.010031,33.927467,-57.367111,20.402456,18.373465,
-175.889880,33.954779,-168.502269,188.901402,-277.392170,
-139.519316,31.418717,-52.618687,17.147806,20.913339,
-175.483877,36.288623,-170.044917,189.224609,-277.212251,
-139.028602,28.749865,-47.828865,13.888075,23.451458,
-175.077873,38.437550,-171.453783,189.491745,-277.009078,
-138.537887,25.934511,-43.001413,10.624228,25.987610,
-174.671870,40.390607,-172.727758,189.702730,-276.782666,
-138.047172,22.987000,-38.140131,7.357233,28.521582,
-174.265866,42.137843,-173.865840,189.857502,-276.533035,
-137.556458,19.922352,-33.248842,4.088059,31.053161,
-173.859863,43.670355,-174.867134,189.956015,-276.260206,
-137.065743,16.756185,-28.331394,0.817672,33.582135,
-173.453859,44.980332,-175.730851,189.998241,-275.964201,
-136.575029,13.504632,-23.391657,-2.452956,36.108292,
-173.047856,46.061100,-176.456313,189.984165,-275.645046,
-136.084314,10.184262,-18.433516,-5.722858,38.631420,
-172.641852,46.907151,-177.042948,189.913793,-275.302767,
-135.593600,6.811996,-13.460873,-8.991064,41.151307,
-172.235849,47.514174,-177.490295,189.787146,-274.937393,
-135.102885,3.405018,-8.477639,-12.256605,43.667742,
-171.829846,47.879075,-177.798002,189.604261,-274.548954,
-134.612170,-0.019312,-3.487736,-15.518515,46.180514,
-171.423842,47.999996,-177.965827,189.365191,-274.137484,
-134.121456,-3.443544,1.504911,-18.775826,48.689411,
-171.017839,47.876320,-177.993638,189.070009,-273.703017,
-133.630741,-6.850227,6.496374,-22.027574,51.194224,
-170.611835,47.508677,-177.881413,188.718801,-273.245588,
-133.140027,-10.222004,11.482726,-25.272794,53.694742,
-170.205832,46.898941,-177.629240,188.311672,-272.765237,
-132.649312,-13.541692,16.460045,-28.510526,56.190756,
-169.799828,46.050218,-177.237318,187.848742,-272.262004,
-132.158597,-16.792374,21.424413,-31.739809,58.682056,
-169.393825,44.966834,-176.705955,187.330148,-271.735931,
-131.667883,-19.957486,26.371926,-34.959687,61.168434,
-168.987821,43.654310,-176.035569,186.756045,-271.187062,
-131.177168,-23.020899,31.298690,-38.169205,63.649680,
-168.581818,42.119333,-175.226687,186.126601,-270.615444,
-130.686454,-25.967004,36.200831,-41.367414,66.125586,
-168.175814,40.369725,-174.279947,185.442005,-270.021123,
-130.195739,-28.780786,41.074490,-44.553364,68.595945,
-167.769811,38.414403,-173.196092,184.702457,-269.404151,
-129.705025,-31.447908,45.915835,-47.726112,71.060550,
-167.363807,36.263330,-171.975975,183.908179,-268.764578,
-129.214310,-33.954779,50.721055,-50.884718,73.519193,
-166.957804,33.927467,-170.620557,183.059404,-268.102459,
-128.723595,-36.288623,55.486370,-54.028246,75.971669,
-166.551800,31.418717,-169.130904,182.156385,-267.417848,
-128.232881,-38.437550,60.208032,-57.155763,78.417771,
-166.145797,28.749865,-167.508187,181.199389,-266.710804,
-127.742166,-40.390607,64.882326,-60.266345,80.857296,
-165.739793,25.934511,-165.753684,180.188700,-265.981386,
-127.251452,-42.137843,69.505573,-63.359068,83.290037,
-165.333790,22.987000,-163.868775,179.124617,-265.229655,
-126.760737,-43.670355,74.074137,-66.433016,85.715790,
-164.927786,19.922352,-161.854942,178.007456,-264.455674,
-126.270022,-44.980332,78.584423,-69.487279,88.134354,
-164.521783,16.756185,-159.713770,176.837547,-263.659507,
-125.779308,-46.061100,83.032884,-72.520952,90.545523,
-164.115780,13.504632,-157.446944,175.615237,-262.841222,
-125.288593,-46.907151,87.416018,-75.533135,92.949097,
-163.709776,10.184262,-155.056247,174.340889,-262.000888,
-124.797879,-47.514174,91.730378,-78.522935,95.344874,
-163.303773,6.811996,-152.543560,173.014880,-261.138575,
-124.307164,-47.879075,95.972570,-81.489468,97.732651,
-162.897769,3.405018,-149.910860,171.637602,-260.254354,
-123.816450,-47.999996,100.139255,-84.431854,100.112231,
-162.491766,-0.019312,-147.160218,170.209465,-259.348301,
-123.325735,-47.876320,104.227156,-87.349220,102.483411,
-162.085762,-3.443544,-144.293797,168.730891,-258.420491,
-122.835020,-47.508677,108.233056,-90.240704,104.845995,
-161.679759,-6.850227,-141.313855,167.202319,-257.471003,
-122.344306,-46.898941,112.153805,-93.105447,107.199783,
-161.273755,-10.222004,-138.222733,165.624201,-256.499915,
-121.853591,-46.050218,115.986317,-95.942600,109.544578,
-160.867752,-13.541692,-135.022866,163.997004,-255.507310,
-121.362877,-44.966834,119.727577,-98.751324,111.880183,
-160.461748,-16.792374,-131.716769,162.321212,-254.493270,
-120.872162,-43.654310,123.374641,-101.530786,114.206403,
-160.055745,-19.957486,-128.307045,160.597321,-253.457881,
-120.381447,-42.119333,126.924641,-104.280162,116.523042,
-159.649741,-23.020899,-124.796376,158.825841,-252.401230,
-119.890733,-40.369725,130.374784,-106.998638,118.829906,
-159.243738,-25.967004,-121.187523,157.007298,-251.323404,
-119.400018,-38.414403,133.722354,-109.685407,121.126801,
-158.837734,-28.780786,-117.483327,155.142230,-250.224495,
-118.909304,-36.263330,136.964719,-112.339675,123.413535,
-158.431731,-31.447908,-113.686700,153.231190,-249.104595,
-118.418589,-33.927467,140.099327,-114.960653,125.689916,
-158.025727,-33.954779,-109.800631,151.274744,-247.963798,
-117.927875,-31.418717,143.123712,-117.547567,127.955753,
-157.619724,-36.288623,-105.828177,149.273472,-246.802199,
-117.437160,-28.749865,146.035495,-120.099648,130.210856,
-157.213721,-38.437550,-101.772463,147.227968,-245.619895,
-116.946445,-25.934511,148.832385,-122.616142,132.455035,
-156.807717,-40.390607,-97.636679,145.138836,-244.416987,
-116.455731,-22.987000,151.512182,-125.096301,134.688103,
-156.401714,-42.137843,-93.424080,143.006697,-243.193575,
-115.965016,-19.922352,154.072777,-127.539392,136.909872,
-155.995710,-43.670355,-89.137980,140.832182,-241.949761,
-115.474302,-16.756185,156.512155,-129.944690,139.120155,
-155.589707,-44.980332,-84.781751,138.615935,-240.685651,
-114.983587,-13.504632,158.828398,-132.311483,141.318768,
-155.183703,-46.061100,-80.358820,136.358614,-239.401349,
-114.492872,-10.184262,161.019683,-134.639069,143.505525,
-154.777700,-46.907151,-75.872667,134.060886,-238.096964,
-114.002158,-6.811996,163.084287,-136.926758,145.680244,
-154.371696,-47.514174,-71.326822,131.723433,-236.772605,
-113.511443,-3.405018,165.020584,-139.173874,147.842742,
-153.965693,-47.879075,-66.724860,129.346948,-235.428383,
-113.020729,0.019312,166.827052,-141.379749,149.992838,
-153.559689,-47.999996,-62.070403,126.932134,-234.064411,
-112.530014,3.443544,168.502269,-143.543730,152.130350,
-153.153686,-47.876320,-57.367111,124.479708,-232.680804,
-112.039300,6.850227,170.044917,-145.665176,154.255101,
-152.747682,-47.508677,-52.618687,121.990396,-231.277677,
-111.548585,10.222004,171.453783,-147.743458,156.366910,
-152.341679,-46.898941,-47.828865,119.464935,-229.855149,
-111.057870,13.541692,172.727758,-149.777961,158.465603,
-151.935675,-46.050218,-43.001413,116.904074,-228.413337,
-110.567156,16.792374,173.865840,-151.768081,160.551002,
-151.529672,-44.966834,-38.140131,114.308572,-226.952365,
-110.076441,19.957486,174.867134,-153.713229,162.622932,
-151.123668,-43.654310,-33.248842,111.679198,-225.472353,
-109.585727,23.020899,175.730851,-155.612828,164.681220,
-150.717665,-42.119333,-28.331394,109.016731,-223.973427,
-109.095012,25.967004,176.456313,-157.466317,166.725692,
-150.311662,-40.369725,-23.391657,106.321960,-222.455711,
-108.604298,28.780786,177.042948,-159.273144,168.756179,
-149.905658,-38.414403,-18.433516,103.595683,-220.919334,
-108.113583,31.447908,177.490295,-161.032775,170.772508,
-149.499655,-36.263330,-13.460873,100.838709,-219.364424,
-107.622868,33.954779,177.798002,-162.744689,172.774511,
-149.093651,-33.927467,-8.477639,98.051854,-217.791112,
-107.132154,36.288623,177.965827,-164.408378,174.762020,
-148.687648,-31.418717,-3.487736,95.235945,-216.199529,
-106.641439,38.437550,177.993638,-166.023350,176.734869,
-148.281644,-28.749865,1.504911,92.391814,-214.589809,
-106.150725,40.390607,177.881413,-167.589125,178.692891,
-147.875641,-25.934511,6.496374,89.520306,-212.962087,
-105.660010,42.137843,177.629240,-169.105240,180.635923,
-147.469637,-22.987000,11.482726,86.622272,-211.316500,
-105.169295,43.670355,177.237318,-170.571245,182.563801,
-147.063634,-19.922352,16.460045,83.698569,-209.653186,
-104.678581,44.980332,176.705955,-171.986706,184.476364,
-146.657630,-16.756185,21.424413,80.750065,-207.972284,
-104.187866,46.061100,176.035569,-173.351204,186.373452,
-146.251627,-13.504632,26.371926,77.777632,-206.273936,
-103.697152,46.907151,175.226687,-174.664334,188.254904,
-145.845623,-10.184262,31.298690,74.782153,-204.558283,
-103.206437,47.514174,174.279947,-175.925708,190.120564,
-145.439620,-6.811996,36.200831,71.764513,-202.825469,
-102.715723,47.879075,173.196092,-177.134951,191.970275,
-145.033616,-3.405018,41.074490,68.725609,-201.075641,
-102.225008,47.999996,171.975975,-178.291704,193.803882,
-144.627613,0.019312,45.915835,65.666339,-199.308945,
-101.734293,47.876320,170.620557,-179.395627,195.621230,
-144.221609,3.443544,50.721055,62.587612,-197.525528,
-101.243579,47.508677,169.130904,-180.446390,197.422168,
-143.815606,6.850227,55.486370,59.490338,-195.725542,
-100.752864,46.898941,167.508187,-181.443683,199.206544,
-143.409602,10.222004,60.208032,56.375436,-193.909136,
-100.262150,46.050218,165.753684,-182.387211,200.974209,
-143.003599,13.541692,64.882326,53.243828,-192.076463,
-99.771435,44.966834,163.868775,-183.276693,202.725014,
-142.597596,16.792374,69.505573,50.096444,-190.227676,
-99.280720,43.654310,161.854942,-184.111867,204.458812,
-142.191592,19.957486,74.074137,46.934214,-188.362932,
-98.790006,42.119333,159.713770,-184.892484,206.175459,
-141.785589,23.020899,78.584423,43.758077,-186.482386,
-98.299291,40.369725,157.446944,-185.618314,207.874809,
-141.379585,25.967004,83.032884,40.568974,-184.586196,
-97.808577,38.414403,155.056247,-186.289140,209.556721,
-140.973582,28.780786,87.416018,37.367849,-182.674521,
-97.317862,36.263330,152.543560,-186.904766,211.221054,
-140.567578,31.447908,91.730378,34.155651,-180.747521,
-96.827148,33.927467,149.910860,-187.465007,212.867667,
-140.161575,33.954779,95.972570,30.933332,-178.805359,
-96.336433,31.418717,147.160218,-187.969699,214.496422,
-139.755571,36.288623,100.139255,27.701847,-176.848197,
-95.845718,28.749865,144.293797,-188.418691,216.107184,
-139.349568,38.437550,104.227156,24.462154,-174.876199,
-95.355004,25.934511,141.313855,-188.811850,217.699817,
-138.943564,40.390607,108.233056,21.215211,-172.889531,
-94.864289,22.987000,138.222733,-189.149061,219.274186,
-138.537561,42.137843,112.153805,17.961982,-170.888359,
-94.373575,19.922352,135.022866,-189.430222,220.830161,
-138.131557,43.670355,115.986317,14.703431,-168.872851,
-93.882860,16.756185,131.716769,-189.655252,222.367611,
-137.725554,44.980332,119.727577,11.440523,-166.843177,
-93.392145,13.504632,128.307045,-189.824082,223.886406,
-137.319550,46.061100,123.374641,8.174224,-164.799506,
-92.901431,10.184262,124.796376,-189.936663,225.386419,
-136.913547,46.907151,126.924641,4.905504,-162.742010,
-92.410716,6.811996,121.187523,-189.992962,226.867525,
-136.507543,47.514174,130.374784,1.635329,-160.670862,
-91.920002,3.405018,117.483327,-189.992962,228.329599,
-136.101540,47.879075,133.722354,-1.635329,-158.586236,
-91.429287,-0.019312,113.686700,-189.936663,229.772519,
-135.695537,47.999996,136.964719,-4.905504,-156.488305,
-90.938573,-3.443544,109.800631,-189.824082,231.196163,
-135.289533,47.876320,140.099327,-8.174224,-154.377247,
-90.447858,-6.850227,105.828177,-189.655252,232.600412,
-134.883530,47.508677,143.123712,-11.440523,-152.253238,
-89.957143,-10.222004,101.772463,-189.430222,233.985148,
-134.477526,46.898941,146.035495,-14.703431,-150.116457,
-89.466429,-13.541692,97.636679,-189.149061,235.350255,
-134.071523,46.050218,148.832385,-17.961982,-147.967082,
-88.975714,-16.792374,93.424080,-188.811850,236.695619,
-133.665519,44.966834,151.512182,-21.215211,-145.805294,
-88.485000,-19.957486,89.137980,-188.418691,238.021127,
-133.259516,43.654310,154.072777,-24.462154,-143.631275,
-87.994285,-23.020899,84.781751,-187.969699,239.326667,
-132.853512,42.119333,156.512155,-27.701847,-141.445207,
-87.503570,-25.967004,80.358820,-187.465007,240.612130,
-132.447509,40.369725,158.828398,-30.933332,-139.247273,
-87.012856,-28.780786,75.872667,-186.904766,241.877408,
-132.041505,38.414403,161.019683,-34.155651,-137.037658,
-86.522141,-31.447908,71.326822,-186.289140,243.122395,
-131.635502,36.263330,163.084287,-37.367849,-134.816546,
-86.031427,-33.954779,66.724860,-185.618314,244.346986,
-131.229498,33.927467,165.020584,-40.568974,-132.584125,
-85.540712,-36.288623,62.070403,-184.892484,245.551080,
-130.823495,31.418717,166.827052,-43.758077,-130.340581,
-85.049998,-38.437550,57.367111,-184.111867,246.734574,
-130.417491,28.749865,168.502269,-46.934214,-128.086104,
-84.559283,-40.390607,52.618687,-183.276693,247.897370,
-130.011488,25.934511,170.044917,-50.096444,-125.820881,
-84.068568,-42.137843,47.828865,-182.387211,249.039370,
-129.605484,22.987000,171.453783,-53.243828,-123.545103,
-83.577854,-43.670355,43.001413,-181.443683,250.160478,
-129.199481,19.922352,172.727758,-56.375436,-121.258960,
-83.087139,-44.980332,38.140131,-180.446390,251.260600,
-128.793478,16.756185,173.865840,-59.490338,-118.962646,
-82.596425,-46.061100,33.248842,-179.395627,252.339643,
-128.387474,13.504632,174.867134,-62.587612,-116.656352,
-82.105710,-46.907151,28.331394,-178.291704,253.397519,
-127.981471,10.184262,175.730851,-65.666339,-114.340271,
-81.614995,-47.514174,23.391657,-177.134951,254.434136,
-127.575467,6.811996,176.456313,-68.725609,-112.014599,
-81.124281,-47.879075,18.433516,-175.925708,255.449410,
-127.169464,3.405018,177.042948,-71.764513,-109.679529,
-80.633566,-47.999996,13.460873,-174.664334,256.443253,
-126.763460,-0.019312,177.490295,-74.782153,-107.335259,
-80.142852,-47.876320,8.477639,-173.351204,257.415584,
-126.357457,-3.443544,177.798002,-77.777632,-104.981984,
-79.652137,-47.508677,3.487736,-171.986706,258.366321,
-125.951453,-6.850227,177.965827,-80.750065,-102.619903,
-79.161423,-46.898941,-1.504911,-170.571245,259.295383,
-125.545450,-10.222004,177.993638,-83.698569,-100.249212,
-78.670708,-46.050218,-6.496374,-169.105240,260.202692,
-125.139446,-13.541692,177.881413,-86.622272,-97.870112,
-78.179993,-44.966834,-11.482726,-167.589125,261.088174,
-124.733443,-16.792374,177.629240,-89.520306,-95.482801,
-77.689279,-43.654310,-16.460045,-166.023350,261.951753,
-124.327439,-19.957486,177.237318,-92.391814,-93.087481,
-77.198564,-42.119333,-21.424413,-164.408378,262.793357,
-123.921436,-23.020899,176.705955,-95.235945,-90.684351,
-76.707850,-40.369725,-26.371926,-162.744689,263.612915,
-123.515432,-25.967004,176.035569,-98.051854,-88.273614,
-76.217135,-38.414403,-31.298690,-161.032775,264.410359,
-123.109429,-28.780786,175.226687,-100.838709,-85.855472,
-75.726420,-36.263330,-36.200831,-159.273144,265.185622,
-122.703425,-31.447908,174.279947,-103.595683,-83.430127,
-75.235706,-33.927467,-41.074490,-157.466317,265.938638,
-122.297422,-33.954779,173.196092,-106.321960,-80.997784,
-74.744991,-31.418717,-45.915835,-155.612828,266.669344,
-121.891418,-36.288623,171.975975,-109.016731,-78.558645,
-74.254277,-28.749865,-50.721055,-153.713229,267.377680,
-121.485415,-38.437550,170.620557,-111.679198,-76.112916,
-73.763562,-25.934511,-55.486370,-151.768081,268.063586,
-121.079412,-40.390607,169.130904,-114.308572,-73.660802,
-73.272848,-22.987000,-60.208032,-149.777961,268.727004,
-120.673408,-42.137843,167.508187,-116.904074,-71.202509,
-72.782133,-19.922352,-64.882326,-147.743458,269.367879,
-120.267405,-43.670355,165.753684,-119.464935,-68.738243,
-72.291418,-16.756185,-69.505573,-145.665176,269.986156,
-119.861401,-44.980332,163.868775,-121.990396,-66.268210,
-71.800704,-13.504632,-74.074137,-143.543730,270.581784,
-119.455398,-46.061100,161.854942,-124.479708,-63.792618,
-71.309989,-10.184262,-78.584423,-141.379749,271.154713,
-119.049394,-46.907151,159.713770,-126.932134,-61.311674,
-70.819275,-6.811996,-83.032884,-139.173874,271.704896,
-118.643391,-47.514174,157.446944,-129.346948,-58.825587,
-70.328560,-3.405018,-87.416018,-136.926758,272.232285,
-118.237387,-47.879075,155.056247,-131.723433,-56.334565,
-69.837845,0.019312,-91.730378,-134.639069,272.736836,
-117.831384,-47.999996,152.543560,-134.060886,-53.838818,
-69.347131,3.443544,-95.972570,-132.311483,273.218508,
-117.425380,-47.876320,149.910860,-136.358614,-51.338553,
-68.856416,6.850227,-100.139255,-129.944690,273.677259,
-117.019377,-47.508677,147.160218,-138.615935,-48.833982,
-68.365702,10.222004,-104.227156,-127.539392,274.113052,
-116.613373,-46.898941,144.293797,-140.832182,-46.325315,
-67.874987,13.541692,-108.233056,-125.096301,274.525849,
-116.207370,-46.050218,141.313855,-143.006697,-43.812761,
-67.384273,16.792374,-112.153805,-122.616142,274.915617,
-115.801366,-44.966834,138.222733,-145.138836,-41.296531,
-66.893558,19.957486,-115.986317,-120.099648,275.282322,
-115.395363,-43.654310,135.022866,-147.227968,-38.776838,
-66.402843,23.020899,-119.727577,-117.547567,275.625934,
-114.989359,-42.119333,131.716769,-149.273472,-36.253891,
-65.912129,25.967004,-123.374641,-114.960653,275.946423,
-114.583356,-40.369725,128.307045,-151.274744,-33.727903,
-65.421414,28.780786,-126.924641,-112.339675,276.243764,
-114.177353,-38.414403,124.796376,-153.231190,-31.199086,
-64.930700,31.447908,-130.374784,-109.685407,276.517930,
-113.771349,-36.263330,121.187523,-155.142230,-28.667651,
-64.439985,33.954779,-133.722354,-106.998638,276.768900,
-113.365346,-33.927467,117.483327,-157.007298,-26.133811,
-63.949270,36.288623,-136.964719,-104.280162,276.996651,
-112.959342,-31.418717,113.686700,-158.825841,-23.597779,
-63.458556,38.437550,-140.099327,-101.530786,277.201166,
-112.553339,-28.749865,109.800631,-160.597321,-21.059768,
-62.967841,40.390607,-143.123712,-98.751324,277.382426,
-112.147335,-25.934511,105.828177,-162.321212,-18.519989,
-62.477127,42.137843,-146.035495,-95.942600,277.540416,
-111.741332,-22.987000,101.772463,-163.997004,-15.978657,
-61.986412,43.670355,-148.832385,-93.105447,277.675124,
-111.335328,-19.922352,97.636679,-165.624201,-13.435985,
-61.495698,44.980332,-151.512182,-90.240704,277.786537,
-110.929325,-16.756185,93.424080,-167.202319,-10.892185,
-61.004983,46.061100,-154.072777,-87.349220,277.874647,
-110.523321,-13.504632,89.137980,-168.730891,-8.347472,
-60.514268,46.907151,-156.512155,-84.431854,277.939447,
-110.117318,-10.184262,84.781751,-170.209465,-5.802059,
-60.023554,47.514174,-158.828398,-81.489468,277.980930,
-109.711314,-6.811996,80.358820,-171.637602,-3.256158,
-59.532839,47.879075,-161.019683,-78.522935,277.999093,
-109.305311,-3.405018,75.872667,-173.014880,-0.709985,
-59.042125,47.999996,-163.084287,-75.533135,277.993936,
-108.899307,0.019312,71.326822,-174.340889,1.836248,
-58.551410,47.876320,-165.020584,-72.520952,277.965457,
-108.493304,3.443544,66.724860,-175.615237,4.382327,
-58.060695,47.508677,-166.827052,-69.487279,277.913660,
-108.087300,6.850227,62.070403,-176.837547,6.928038,
-57.569981,46.898941,-168.502269,-66.433016,277.838549,
-107.681297,10.222004,57.367111,-178.007456,9.473168,
-57.079266,46.050218,-170.044917,-63.359068,277.740130,
-107.275294,13.541692,52.618687,-179.124617,12.017504,
-56.588552,44.966834,-171.453783,-60.266345,277.618411,
-106.869290,16.792374,47.828865,-180.188700,14.560831,
-56.097837,43.654310,-172.727758,-57.155763,277.473403,
-106.463287,19.957486,43.001413,-181.199389,17.102937,
-55.607123,42.119333,-173.865840,-54.028246,277.305118,
-106.057283,23.020899,38.140131,-182.156385,19.643608,
-55.116408,40.369725,-174.867134,-50.884718,277.113570,
-105.651280,25.967004,33.248842,-183.059404,22.182631,
-54.625693,38.414403,-175.730851,-47.726112,276.898775,
-105.245276,28.780786,28.331394,-183.908179,24.719793,
-54.134979,36.263330,-176.456313,-44.553364,276.660752,
-104.839273,31.447908,23.391657,-184.702457,27.254882,
-53.644264,33.927467,-177.042948,-41.367414,276.399519,
-104.433269,33.954779,18.433516,-185.442005,29.787684,
-53.153550,31.418717,-177.490295,-38.169205,276.115099,
-104.027266,36.288623,13.460873,-186.126601,32.317987,
-52.662835,28.749865,-177.798002,-34.959687,275.807516,
-103.621262,38.437550,8.477639,-186.756045,34.845579,
-52.172120,25.934511,-177.965827,-31.739809,275.476795,
-103.215259,40.390607,3.487736,-187.330148,37.370248,
-51.681406,22.987000,-177.993638,-28.510526,275.122965,
-102.809255,42.137843,-1.504911,-187.848742,39.891782,
-51.190691,19.922352,-177.881413,-25.272794,274.746055,
-102.403252,43.670355,-6.496374,-188.311672,42.409969,
-50.699977,16.756185,-177.629240,-22.027574,274.346096,
-101.997248,44.980332,-11.482726,-188.718801,44.924599,
-50.209262,13.504632,-177.237318,-18.775826,273.923123,
-101.591245,46.061100,-16.460045,-189.070009,47.435460,
-49.718548,10.184262,-176.705955,-15.518515,273.477170,
-101.185241,46.907151,-21.424413,-189.365191,49.942341,
-49.227833,6.811996,-176.035569,-12.256605,273.008276,
-100.779238,47.514174,-26.371926,-189.604261,52.445033,
-48.737118,3.405018,-175.226687,-8.991064,272.516478,
-100.373235,47.879075,-31.298690,-189.787146,54.943326,
-48.246404,-0.019312,-174.279947,-5.722858,272.001820,
-99.967231,47.999996,-36.200831,-189.913793,57.437009,
-47.755689,-3.443544,-173.196092,-2.452956,271.464343,
-99.561228,47.876320,-41.074490,-189.984165,59.925873,
-47.264975,-6.850227,-171.975975,0.817672,270.904094,
-99.155224,47.508677,-45.915835,-189.998241,62.409711,
-46.774260,-10.222004,-170.620557,4.088059,270.321118,
-98.749221,46.898941,-50.721055,-189.956015,64.888313,
-46.283546,-13.541692,-169.130904,7.357233,269.715465,
-98.343217,46.050218,-55.486370,-189.857502,67.361472,
-45.792831,-16.792374,-167.508187,10.624228,269.087186,
-97.937214,44.966834,-60.208032,-189.702730,69.828980,
-45.302116,-19.957486,-165.753684,13.888075,268.436333,
-97.531210,43.654310,-64.882326,-189.491745,72.290629,
-44.811402,-23.020899,-163.868775,17.147806,267.762961,
-97.125207,42.119333,-69.505573,-189.224609,74.746215,
-44.320687,-25.967004,-161.854942,20.402456,267.067127,
-96.719203,40.369725,-74.074137,-188.901402,77.195530,
-43.829973,-28.780786,-159.713770,23.651060,266.348888,
-96.313200,38.414403,-78.584423,-188.522220,79.638369,
-43.339258,-31.447908,-157.446944,26.892656,265.608306,
-95.907196,36.263330,-83.032884,-188.087174,82.074527,
-42.848543,-33.954779,-155.056247,30.126283,264.845441,
-95.501193,33.927467,-87.416018,-187.596394,84.503800,
-42.357829,-36.288623,-152.543560,33.350983,264.060359,
-95.095189,31.418717,-91.730378,-187.050025,86.925984,
-41.867114,-38.437550,-149.910860,36.565801,263.253125,
-94.689186,28.749865,-95.972570,-186.448229,89.340875,
-41.376400,-40.390607,-147.160218,39.769783,262.423807,
-94.283182,25.934511,-100.139255,-185.791185,91.748272,
-40.885685,-42.137843,-144.293797,42.961980,261.572474,
-93.877179,22.987000,-104.227156,-185.079086,94.147973,
-40.394971,-43.670355,-141.313855,46.141447,260.699198,
-93.471175,19.922352,-108.233056,-184.312145,96.539775,
-39.904256,-44.980332,-138.222733,49.307241,259.804052,
-93.065172,16.756185,-112.153805,-183.490588,98.923478,
-39.413541,-46.061100,-135.022866,52.458425,258.887111,
-92.659169,13.504632,-115.986317,-182.614659,101.298883,
-38.922827,-46.907151,-131.716769,55.594064,257.948452,
-92.253165,10.184262,-119.727577,-181.684617,103.665790,
-38.432112,-47.514174,-128.307045,58.713229,256.988154,
-91.847162,6.811996,-123.374641,-180.700738,106.024001,
-37.941398,-47.879075,-124.796376,61.814996,256.006297,
-91.441158,3.405018,-126.924641,-179.663314,108.373317,
-37.450683,-47.999996,-121.187523,64.898446,255.002964,
-91.035155,-0.019312,-130.374784,-178.572651,110.713541,
-36.959968,-47.876320,-117.483327,67.962665,253.978239,
-90.629151,-3.443544,-133.722354,-177.429073,113.044478,
-36.469254,-47.508677,-113.686700,71.006746,252.932208,
-90.223148,-6.850227,-136.964719,-176.232920,115.365932,
-35.978539,-46.898941,-109.800631,74.029785,251.864958,
-89.817144,-10.222004,-140.099327,-174.984545,117.677708,
-35.487825,-46.050218,-105.828177,77.030888,250.776579,
-89.411141,-13.541692,-143.123712,-173.684318,119.979612,
-34.997110,-44.966834,-101.772463,80.009165,249.667163,
-89.005137,-16.792374,-146.035495,-172.332624,122.271450,
-34.506396,-43.654310,-97.636679,82.963734,248.536803,
-88.599134,-19.957486,-148.832385,-170.929865,124.553032,
-34.015681,-42.119333,-93.424080,85.893719,247.385592,
-88.193130,-23.020899,-151.512182,-169.476456,126.824165,
-33.524966,-40.369725,-89.137980,88.798251,246.213629,
-87.787127,-25.967004,-154.072777,-167.972827,129.084658,
-33.034252,-38.414403,-84.781751,91.676471,245.021011,
-87.381123,-28.780786,-156.512155,-166.419424,131.334323,
-32.543537,-36.263330,-80.358820,94.527525,243.807838,
-86.975120,-31.447908,-158.828398,-164.816707,133.572970,
-32.052823,-33.927467,-75.872667,97.350568,242.574212,
-86.569116,-33.954779,-161.019683,-163.165152,135.800411,
-31.562108,-31.418717,-71.326822,100.144765,241.320237,
-86.163113,-36.288623,-163.084287,-161.465247,138.016461,
-31.071393,-28.749865,-66.724860,102.909286,240.046017,
-85.757110,-38.437550,-165.020584,-159.717497,140.220932,
-30.580679,-25.934511,-62.070403,105.643313,238.751660,
-85.351106,-40.390607,-166.827052,-157.922419,142.413640,
-30.089964,-22.987000,-57.367111,108.346036,237.437274,
-84.945103,-42.137843,-168.502269,-156.080545,144.594401,
-29.599250,-19.922352,-52.618687,111.016653,236.102970,
-84.539099,-43.670355,-170.044917,-154.192421,146.763032,
-29.108535,-16.756185,-47.828865,113.654374,234.748859,
-84.133096,-44.980332,-171.453783,-152.258607,148.919352,
-28.617821,-13.504632,-43.001413,116.258416,233.375055,
-83.727092,-46.061100,-172.727758,-150.279675,151.063178,
-28.127106,-10.184262,-38.140131,118.828009,231.981673,
-83.321089,-46.907151,-173.865840,-148.256212,153.194332,
-27.636391,-6.811996,-33.248842,121.362390,230.568831,
-82.915085,-47.514174,-174.867134,-146.188817,155.312634,
-27.145677,-3.405018,-28.331394,123.860809,229.136646,
-82.509082,-47.879075,-175.730851,-144.078104,157.417907,
-26.654962,0.019312,-23.391657,126.322526,227.685239,
-82.103078,-47.999996,-176.456313,-141.924697,159.509975,
-26.164248,3.443544,-18.433516,128.746810,226.214731,
-81.697075,-47.876320,-177.042948,-139.729234,161.588661,
-25.673533,6.850227,-13.460873,131.132944,224.725247,
-81.291071,-47.508677,-177.490295,-137.492367,163.653792,
-25.182818,10.222004,-8.477639,133.480220,223.216910,
-80.885068,-46.898941,-177.798002,-135.214758,165.705194,
-24.692104,13.541692,-3.487736,135.787943,221.689847,
-80.479064,-46.050218,-177.965827,-132.897082,167.742694,
-24.201389,16.792374,1.504911,138.055430,220.144188,
-80.073061,-44.966834,-177.993638,-130.540026,169.766123,
-23.710675,19.957486,6.496374,140.282007,218.580060,
-79.667057,-43.654310,-177.881413,-128.144288,171.775311,
-23.219960,23.020899,11.482726,142.467016,216.997596,
-79.261054,-42.119333,-177.629240,-125.710577,173.770088,
-22.729246,25.967004,16.460045,144.609809,215.396928,
-78.855051,-40.369725,-177.237318,-123.239617,175.750287,
-22.238531,28.780786,21.424413,146.709751,213.778190,
-78.449047,-38.414403,-176.705955,-120.732137,177.715744,
-21.747816,31.447908,26.371926,148.766220,212.141519,
-78.043044,-36.263330,-176.035569,-118.188882,179.666291,
-21.257102,33.954779,31.298690,150.778606,210.487051,
-77.637040,-33.927467,-175.226687,-115.610605,181.601766,
-20.766387,36.288623,36.200831,152.746313,208.814925,
-77.231037,-31.418717,-174.279947,-112.998071,183.522007,
-20.275673,38.437550,41.074490,154.668758,207.125282,
-76.825033,-28.749865,-173.196092,-110.352052,185.426852,
-19.784958,40.390607,45.915835,156.545371,205.418263,
-76.419030,-25.934511,-171.975975,-107.673334,187.316142,
-19.294243,42.137843,50.721055,158.375597,203.694012,
-76.013026,-22.987000,-170.620557,-104.962710,189.189718,
-18.803529,43.670355,55.486370,160.158892,201.952673,
-75.607023,-19.922352,-169.130904,-102.220983,191.047423,
-18.312814,44.980332,60.208032,161.894729,200.194392,
-75.201019,-16.756185,-167.508187,-99.448965,192.889101,
-17.822100,46.061100,64.882326,163.582593,198.419317,
-74.795016,-13.504632,-165.753684,-96.647479,194.714598,
-17.331385,46.907151,69.505573,165.221984,196.627597,
-74.389012,-10.184262,-163.868775,-93.817355,196.523760,
-16.840671,47.514174,74.074137,166.812416,194.819382,
-73.983009,-6.811996,-161.854942,-90.959430,198.316435,
-16.349956,47.879075,78.584423,168.353418,192.994823,
-73.577005,-3.405018,-159.713770,-88.074551,200.092474,
-15.859241,47.999996,83.032884,169.844533,191.154074,
-73.171002,0.019312,-157.446944,-85.163575,201.851728,
-15.368527,47.876320,87.416018,171.285320,189.297289,
-72.764998,3.443544,-155.056247,-82.227363,203.594048,
-14.877812,47.508677,91.730378,172.675351,187.424624,
-72.358995,6.850227,-152.543560,-79.266784,205.319289,
-14.387098,46.898941,95.972570,174.014215,185.536236,
-71.952991,10.222004,-149.910860,-76.282718,207.027305,
-13.896383,46.050218,100.139255,175.301514,183.632284,
-71.546988,13.541692,-147.160218,-73.276047,208.717954,
-13.405668,44.966834,104.227156,176.536868,181.712927,
-71.140985,16.792374,-144.293797,-70.247663,210.391094,
-12.914954,43.654310,108.233056,177.719910,179.778325,
-70.734981,19.957486,-141.313855,-67.198463,212.046584,
-12.424239,42.119333,112.153805,178.850290,177.828643,
-70.328978,23.020899,-138.222733,-64.129351,213.684285,
-11.933525,40.369725,115.986317,179.927673,175.864042,
-69.922974,25.967004,-135.022866,-61.041236,215.304061,
-11.442810,38.414403,119.727577,180.951739,173.884688,
-69.516971,28.780786,-131.716769,-57.935033,216.905775,
-10.952096,36.263330,123.374641,181.922186,171.890747,
-69.110967,31.447908,-128.307045,-54.811662,218.489293,
-10.461381,33.927467,126.924641,182.838725,169.882386,
-68.704964,33.954779,-124.796376,-51.672050,220.054481,
-9.970666,31.418717,130.374784,183.701085,167.859774,
-68.298960,36.288623,-121.187523,-48.517126,221.601210,
-9.479952,28.749865,133.722354,184.509010,165.823080,
-67.892957,38.437550,-117.483327,-45.347826,223.129348,
-8.989237,25.934511,136.964719,185.262261,163.772476,
-67.486953,40.390607,-113.686700,-42.165087,224.638768,
-8.498523,22.987000,140.099327,185.960615,161.708132,
-67.080950,42.137843,-109.800631,-38.969855,226.129344,
-8.007808,19.922352,143.123712,186.603865,159.630223,
-66.674946,43.670355,-105.828177,-35.763075,227.600949,
-7.517093,16.756185,146.035495,187.191820,157.538922,
-66.268943,44.980332,-101.772463,-32.545697,229.053461,
-7.026379,13.504632,148.832385,187.724306,155.434406,
-65.862939,46.061100,-97.636679,-29.318676,230.486758,
-6.535664,10.184262,151.512182,188.201166,153.316850,
-65.456936,46.907151,-93.424080,-26.082967,231.900719,
-6.044950,6.811996,154.072777,188.622257,151.186433,
-65.050932,47.514174,-89.137980,-22.839529,233.295226,
-5.554235,3.405018,156.512155,188.987456,149.043332,
-64.644929,47.879075,-84.781751,-19.589323,234.670162,
-5.063521,-0.019312,158.828398,189.296653,146.887729,
-64.238926,47.999996,-80.358820,-16.333312,236.025412,
-4.572806,-3.443544,161.019683,189.549758,144.719803,
-63.832922,47.876320,-75.872667,-13.072461,237.360862,
-4.082091,-6.850227,163.084287,189.746695,142.539736,
-63.426919,47.508677,-71.326822,-9.807737,238.676399,
-3.591377,-10.222004,165.020584,189.887406,140.347712,
-63.020915,46.898941,-66.724860,-6.540106,239.971915,
-3.100662,-13.541692,166.827052,189.971849,138.143914,
-62.614912,46.050218,-62.070403,-3.270538,241.247298,
-2.609948,-16.792374,168.502269,190.000000,135.928527,
-62.208908,44.966834,-57.367111,0.000000,242.502444,
-2.119233,-19.957486,170.044917,189.971849,133.701738,
-61.802905,43.654310,-52.618687,3.270538,243.737246,
-1.628518,-23.020899,171.453783,189.887406,131.463732,
-61.396901,42.119333,-47.828865,6.540106,244.951602,
-1.137804,-25.967004,172.727758,189.746695,129.214698,
-60.990898,40.369725,-43.001413,9.807737,246.145408,
-0.647089,-28.780786,173.865840,189.549758,126.954823,
-60.584894,38.414403,-38.140131,13.072461,247.318565,
-0.156375,-31.447908,174.867134,189.296653,124.684299,
-60.178891,36.263330,-33.248842,16.333312,248.470975,
0.334340,-33.954779,175.730851,188.987456,122.403315,
-59.772887,33.927467,-28.331394,19.589323,249.602541,
0.825054,-36.288623,176.456313,188.622257,120.112063,
-59.366884,31.418717,-23.391657,22.839529,250.713168,
1.315769,-38.437550,177.042948,188.201166,117.810734,
-58.960880,28.749865,-18.433516,26.082967,251.802762,
1.806484,-40.390607,177.490295,187.724306,115.499523,
-58.554877,25.934511,-13.460873,29.318676,252.871233,
2.297198,-42.137843,177.798002,187.191820,113.178622,
-58.148873,22.987000,-8.477639,32.545697,253.918490,
2.787913,-43.670355,177.965827,186.603865,110.848226,
-57.742870,19.922352,-3.487736,35.763075,254.944446,
3.278627,-44.980332,177.993638,185.960615,108.508532,
-57.336867,16.756185,1.504911,38.969855,255.949015,
3.769342,-46.061100,177.881413,185.262261,106.159735,
-56.930863,13.504632,6.496374,42.165087,256.932113,
4.260057,-46.907151,177.629240,184.509010,103.802032,
-56.524860,10.184262,11.482726,45.347826,257.893657,
4.750771,-47.514174,177.237318,183.701085,101.435621,
-56.118856,6.811996,16.460045,48.517126,258.833566,
5.241486,-47.879075,176.705955,182.838725,99.060701,
-55.712853,3.405018,21.424413,51.672050,259.751761,
5.732200,-47.999996,176.035569,181.922186,96.677471,
-55.306849,-0.019312,26.371926,54.811662,260.648166,
6.222915,-47.876320,175.226687,180.951739,94.286130,
-54.900846,-3.443544,31.298690,57.935033,261.522706,
6.713629,-47.508677,174.279947,179.927673,91.886880,
-54.494842,-6.850227,36.200831,61.041236,262.375306,
7.204344,-46.898941,173.196092,178.850290,89.479921,
-54.088839,-10.222004,41.074490,64.129351,263.205896,
7.695059,-46.050218,171.975975,177.719910,87.065456,
-53.682835,-13.541692,45.915835,67.198463,264.014406,
8.185773,-44.966834,170.620557,176.536868,84.643687,
-53.276832,-16.792374,50.721055,70.247663,264.800767,
8.676488,-43.654310,169.130904,175.301514,82.214818,
-52.870828,-19.957486,55.486370,73.276047,265.564914,
9.167202,-42.119333,167.508187,174.014215,79.779051,
-52.464825,-23.020899,60.208032,76.282718,266.306784,
9.657917,-40.369725,165.753684,172.675351,77.336592,
-52.058821,-25.967004,64.882326,79.266784,267.026313,
10.148632,-38.414403,163.868775,171.285320,74.887645,
-51.652818,-28.780786,69.505573,82.227363,267.723441,
10.639346,-36.263330,161.854942,169.844533,72.432415,
-51.246814,-31.447908,74.074137,85.163575,268.398110,
11.130061,-33.927467,159.713770,168.353418,69.971110,
-50.840811,-33.954779,78.584423,88.074551,269.050263,
11.620775,-31.418717,157.446944,166.812416,67.503934,
-50.434807,-36.288623,83.032884,90.959430,269.679845,
12.111490,-28.749865,155.056247,165.221984,65.031096,
-50.028804,-38.437550,87.416018,93.817355,270.286804,
12.602204,-25.934511,152.543560,163.582593,62.552802,
-49.622801,-40.390607,91.730378,96.647479,270.871089,
13.092919,-22.987000,149.910860,161.894729,60.069261,
-49.216797,-42.137843,95.972570,99.448965,271.432651,
13.583634,-19.922352,147.160218,160.158892,57.580680,
-48.810794,-43.670355,100.139255,102.220983,271.971442,
14.074348,-16.756185,144.293797,158.375597,55.087269,
-48.404790,-44.980332,104.227156,104.962710,272.487418,
14.565063,-13.504632,141.313855,156.545371,52.589237,
-47.998787,-46.061100,108.233056,107.673334,272.980534,
15.055777,-10.184262,138.222733,154.668758,50.086793,
-47.592783,-46.907151,112.153805,110.352052,273.450751,
15.546492,-6.811996,135.022866,152.746313,47.580148,
-47.186780,-47.514174,115.986317,112.998071,273.898028,
16.037206,-3.405018,131.716769,150.778606,45.069510,
-46.780776,-47.879075,119.727577,115.610605,274.322327,
16.527921,0.019312,128.307045,148.766220,42.555092,
-46.374773,-47.999996,123.374641,118.188882,274.723614,
17.018636,3.443544,124.796376,146.709751,40.037104,
-45.968769,-47.876320,126.924641,120.732137,275.101854,
17.509350,6.850227,121.187523,144.609809,37.515758,
-45.562766,-47.508677,130.374784,123.239617,275.457016,
18.000065,10.222004,117.483327,142.467016,34.991264,
-45.156762,-46.898941,133.722354,125.710577,275.789071,
18.490779,13.541692,113.686700,140.282007,32.463835,
-44.750759,-46.050218,136.964719,128.144288,276.097989,
18.981494,16.792374,109.800631,138.055430,29.933682,
-44.344755,-44.966834,140.099327,130.540026,276.383745,
19.472209,19.957486,105.828177,135.787943,27.401018,
-43.938752,-43.654310,143.123712,132.897082,276.646316,
