-149.038589,31.337534,-44.943858,-177.926771,-149.030746,
-172.560051,48.805317,98.204122,-66.648813,-172.550969,
-148.762166,27.775958,-47.680437,-176.753159,-147.444094,
-172.361644,50.916561,96.904984,-69.701655,-173.908709,
-148.485743,24.072842,-50.379502,-175.527172,-145.845074,
-172.163237,52.768345,95.529607,-72.733843,-175.251860,
-148.209319,20.247057,-53.038932,-174.249172,-144.233819,
-171.964831,54.351235,94.079071,-75.744479,-176.580309,
-147.932896,16.318097,-55.656634,-172.919538,-142.610464,
-171.766424,55.657162,92.554520,-78.732670,-177.893945,
-147.656472,12.305984,-58.230548,-171.538665,-140.975145,
-171.568018,56.679474,90.957151,-81.697530,-179.192657,
-147.380049,8.231162,-60.758649,-170.106961,-139.328000,
-171.369611,57.412960,89.288222,-84.638182,-180.476337,
-147.103626,4.114396,-63.238949,-168.624851,-137.669167,
-171.171205,57.853883,87.549046,-87.553753,-181.744877,
-146.827202,-0.023336,-65.669495,-167.092773,-135.998785,
-170.972798,57.999995,85.740990,-90.443381,-182.998170,
-146.550779,-4.160948,-68.048376,-165.511182,-134.316994,
-170.774391,57.850553,83.865479,-93.306208,-184.236112,
-146.274356,-8.277358,-70.373720,-163.880547,-132.623936,
-170.575985,57.406318,81.923986,-96.141387,-185.458598,
-145.997932,-12.351588,-72.643698,-162.201351,-130.919751,
-170.377578,56.669553,79.918040,-98.948077,-186.665526,
-145.721509,-16.362877,-74.856524,-160.474090,-129.204584,
-170.179172,55.644014,77.849218,-101.725446,-187.856795,
-145.445086,-20.290785,-77.010457,-158.699278,-127.478577,
-169.980765,54.334925,75.719149,-104.472672,-189.032305,
-145.168662,-24.115296,-79.103801,-156.877440,-125.741877,
-169.782359,52.748958,73.529508,-107.188940,-190.191957,
-144.892239,-27.816920,-81.134911,-155.009115,-123.994628,
-169.583952,50.894194,71.282018,-109.873447,-191.335653,
-144.615816,-31.376796,-83.102189,-153.094858,-122.236977,
-169.385546,48.780085,68.978447,-112.525395,-192.463299,
-144.339392,-34.776783,-85.004086,-151.135236,-120.469072,
-169.187139,46.417404,66.620608,-115.143999,-193.574799,
-144.062969,-37.999555,-86.839106,-149.130829,-118.691061,
-168.988732,43.818190,64.210355,-117.728484,-194.670059,
-143.786545,-41.028691,-88.605806,-147.082231,-116.903093,
-168.790326,40.995689,61.749584,-120.278083,-195.748989,
-143.510122,-43.848753,-90.302795,-144.990050,-115.105318,
-168.591919,37.964284,59.240232,-122.792042,-196.811498,
-143.233699,-46.445373,-91.928739,-142.854905,-113.297886,
-168.393513,34.739421,56.684273,-125.269614,-197.857497,
-142.957275,-48.805317,-93.482359,-140.677429,-111.480951,
-168.195106,31.337534,54.083718,-127.710066,-198.886897,
-142.680852,-50.916561,-94.962431,-138.458267,-109.654663,
-167.996700,27.775958,51.440613,-130.112675,-199.899612,
-142.404429,-52.768345,-96.367792,-136.198077,-107.819176,
-167.798293,24.072842,48.757037,-132.476729,-200.895558,
-142.128005,-54.351235,-97.697336,-133.897529,-105.974644,
-167.599886,20.247057,46.035102,-134.801527,-201.874651,
-141.851582,-55.657162,-98.950017,-131.557304,-104.121222,
-167.401480,16.318097,43.276948,-137.086381,-202.836809,
-141.575159,-56.679474,-100.124849,-129.178095,-102.259065,
-167.203073,12.305984,40.484746,-139.330613,-203.781951,
-141.298735,-57.412960,-101.220908,-126.760609,-100.388330,
-167.004667,8.231162,37.660694,-141.533558,-204.709998,
-141.022312,-57.853883,-102.237332,-124.305560,-98.509174,
-166.806260,4.114396,34.807011,-143.694564,-205.620871,
-140.745888,-57.999995,-103.173320,-121.813677,-96.621753,
-166.607854,-0.023336,31.925945,-145.812990,-206.514495,
-140.469465,-57.850553,-104.028138,-119.285698,-94.726227,
-166.409447,-4.160948,29.019761,-147.888208,-207.390795,
-140.193042,-57.406318,-104.801112,-116.722373,-92.822754,
-166.211040,-8.277358,26.090745,-149.919604,-208.249697,
-139.916618,-56.669553,-105.491633,-114.124459,-90.911495,
-166.012634,-12.351588,23.141203,-151.906576,-209.091129,
-139.640195,-55.644014,-106.099160,-111.492729,-88.992609,
-165.814227,-16.362877,20.173454,-153.848534,-209.915020,
-139.363772,-54.334925,-106.623213,-108.827960,-87.066257,
-165.615821,-20.290785,17.189835,-155.744904,-210.721301,
-139.087348,-52.748958,-107.063381,-106.130944,-85.132602,
-165.417414,-24.115296,14.192691,-157.595123,-211.509906,
-138.810925,-50.894194,-107.419317,-103.402478,-83.191804,
-165.219008,-27.816920,11.184380,-159.398643,-212.280766,
-138.534502,-48.780085,-107.690741,-100.643372,-81.244028,
-165.020601,-31.376796,8.167271,-161.154930,-213.033819,
-138.258078,-46.417404,-107.877440,-97.854444,-79.289436,
-164.822195,-34.776783,5.143736,-162.863464,-213.769000,
-137.981655,-43.818190,-107.979266,-95.036519,-77.328193,
-164.623788,-37.999555,2.116155,-164.523737,-214.486248,
-137.705232,-40.995689,-107.996140,-92.190432,-75.360462,
-164.425381,-41.028691,-0.913092,-166.135259,-215.185503,
-137.428808,-37.964284,-107.928048,-89.317028,-73.386410,
-164.226975,-43.848753,-3.941620,-167.697551,-215.866706,
-137.152385,-34.739421,-107.775045,-86.417157,-71.406201,
-164.028568,-46.445373,-6.967047,-169.210150,-216.529800,
-136.875961,-31.337534,-107.537249,-83.491679,-69.420002,
-163.830162,-48.805317,-9.986993,-170.672609,-217.174730,
-136.599538,-27.775958,-107.214849,-80.541460,-67.427980,
-163.631755,-50.916561,-12.999082,-172.084494,-217.801441,
-136.323115,-24.072842,-106.808098,-77.567375,-65.430301,
-163.433349,-52.768345,-16.000944,-173.445387,-218.409880,
-136.046691,-20.247057,-106.317316,-74.570306,-63.427133,
-163.234942,-54.351235,-18.990217,-174.754884,-218.999997,
-135.770268,-16.318097,-105.742889,-71.551139,-61.418644,
-163.036535,-55.657162,-21.964549,-176.012597,-219.571743,
-135.493845,-12.305984,-105.085269,-68.510771,-59.405003,
-162.838129,-56.679474,-24.921601,-177.218155,-220.125068,
-135.217421,-8.231162,-104.344974,-65.450101,-57.386378,
-162.639722,-57.412960,-27.859046,-178.371198,-220.659928,
-134.940998,-4.114396,-103.522585,-62.370037,-55.362939,
-162.441316,-57.853883,-30.774573,-179.471386,-221.176276,
-134.664575,0.023336,-102.618751,-59.271491,-53.334856,
-162.242909,-57.999995,-33.665888,-180.518393,-221.674070,
-134.388151,4.160948,-101.634181,-56.155382,-51.302298,
-162.044503,-57.850553,-36.530716,-181.511909,-222.153267,
-134.111728,8.277358,-100.569651,-53.022633,-49.265437,
-161.846096,-57.406318,-39.366804,-182.451639,-222.613829,
-133.835304,12.351588,-99.425998,-49.874172,-47.224443,
-161.647689,-56.669553,-42.171921,-183.337304,-223.055715,
-133.558881,16.362877,-98.204122,-46.710932,-45.179487,
-161.449283,-55.644014,-44.943858,-184.168642,-223.478889,
-133.282458,20.290785,-96.904984,-43.533851,-43.130741,
-161.250876,-54.334925,-47.680437,-184.945408,-223.883316,
-133.006034,24.115296,-95.529607,-40.343870,-41.078377,
-161.052470,-52.748958,-50.379502,-185.667370,-224.268961,
-132.729611,27.816920,-94.079071,-37.141934,-39.022567,
-160.854063,-50.894194,-53.038932,-186.334314,-224.635792,
-132.453188,31.376796,-92.554520,-33.928992,-36.963483,
-160.655657,-48.780085,-55.656634,-186.946044,-224.983779,
-132.176764,34.776783,-90.957151,-30.705996,-34.901299,
-160.457250,-46.417404,-58.230548,-187.502378,-225.312892,
-131.900341,37.999555,-89.288222,-27.473902,-32.836186,
-160.258844,-43.818190,-60.758649,-188.003151,-225.623104,
-131.623918,41.028691,-87.549046,-24.233666,-30.768319,
-160.060437,-40.995689,-63.238949,-188.448214,-225.914388,
-131.347494,43.848753,-85.740990,-20.986249,-28.697871,
-159.862030,-37.964284,-65.669495,-188.837436,-226.186720,
-131.071071,46.445373,-83.865479,-17.732614,-26.625016,
-159.663624,-34.739421,-68.048376,-189.170702,-226.440077,
-130.794647,48.805317,-81.923986,-14.473724,-24.549926,
-159.465217,-31.337534,-70.373720,-189.447912,-226.674439,
-130.518224,50.916561,-79.918040,-11.210545,-22.472778,
-159.266811,-27.775958,-72.643698,-189.668985,-226.889784,
-130.241801,52.768345,-77.849218,-7.944044,-20.393744,
-159.068404,-24.072842,-74.856524,-189.833854,-227.086096,
-129.965377,54.351235,-75.719149,-4.675189,-18.312999,
-158.869998,-20.247057,-77.010457,-189.942472,-227.263358,
-129.688954,55.657162,-73.529508,-1.404949,-16.230718,
-158.671591,-16.318097,-79.103801,-189.994806,-227.421555,
-129.412531,56.679474,-71.282018,1.865707,-14.147075,
-158.473184,-12.305984,-81.134911,-189.990840,-227.560674,
-129.136107,57.412960,-68.978447,5.135811,-12.062246,
-158.274778,-8.231162,-83.102189,-189.930575,-227.680702,
-128.859684,57.853883,-66.620608,8.404392,-9.976405,
-158.076371,-4.114396,-85.004086,-189.814031,-227.781631,
-128.583261,57.999995,-64.210355,11.670484,-7.889727,
-157.877965,0.023336,-86.839106,-189.641240,-227.863451,
-128.306837,57.850553,-61.749584,14.933117,-5.802386,
-157.679558,4.160948,-88.605806,-189.412254,-227.926155,
-128.030414,57.406318,-59.240232,18.191325,-3.714560,
-157.481152,8.277358,-90.302795,-189.127142,-227.969739,
-127.753991,56.669553,-56.684273,21.444142,-1.626421,
-157.282745,12.351588,-91.928739,-188.785987,-227.994199,
-127.477567,55.644014,-54.083718,24.690606,0.461854,
-157.084338,16.362877,-93.482359,-188.388890,-227.999532,
-127.201144,54.334925,-51.440613,27.929753,2.550090,
-156.885932,20.290785,-94.962431,-187.935970,-227.985739,
-126.924720,52.748958,-48.757037,31.160623,4.638112,
-156.687525,24.115296,-96.367792,-187.427361,-227.952819,
-126.648297,50.894194,-46.035102,34.382260,6.725745,
-156.489119,27.816920,-97.697336,-186.863212,-227.900777,
-126.371874,48.780085,-43.276948,37.593709,8.812814,
-156.290712,31.376796,-98.950017,-186.243693,-227.829617,
-126.095450,46.417404,-40.484746,40.794018,10.899144,
-156.092306,34.776783,-100.124849,-185.568985,-227.739344,
-125.819027,43.818190,-37.660694,43.982239,12.984559,
-155.893899,37.999555,-101.220908,-184.839289,-227.629966,
-125.542604,40.995689,-34.807011,47.157427,15.068885,
-155.695493,41.028691,-102.237332,-184.054821,-227.501492,
-125.266180,37.964284,-31.925945,50.318642,17.151947,
-155.497086,43.848753,-103.173320,-183.215813,-227.353933,
-124.989757,34.739421,-29.019761,53.464945,19.233570,
-155.298679,46.445373,-104.028138,-182.322515,-227.187301,
-124.713334,31.337534,-26.090745,56.595406,21.313579,
-155.100273,48.805317,-104.801112,-181.375191,-227.001611,
-124.436910,27.775958,-23.141203,59.709097,23.391801,
-154.901866,50.916561,-105.491633,-180.374122,-226.796878,
-124.160487,24.072842,-20.173454,62.805094,25.468060,
-154.703460,52.768345,-106.099160,-179.319603,-226.573118,
-123.884063,20.247057,-17.189835,65.882481,27.542183,
-154.505053,54.351235,-106.623213,-178.211949,-226.330352,
-123.607640,16.318097,-14.192691,68.940346,29.613995,
-154.306647,55.657162,-107.063381,-177.051486,-226.068599,
-123.331217,12.305984,-11.184380,71.977782,31.683323,
-154.108240,56.679474,-107.419317,-175.838559,-225.787881,
-123.054793,8.231162,-8.167271,74.993889,33.749993,
-153.909833,57.412960,-107.690741,-174.573528,-225.488221,
-122.778370,4.114396,-5.143736,77.987775,35.813831,
-153.711427,57.853883,-107.877440,-173.256766,-225.169646,
-122.501947,-0.023336,-2.116155,80.958550,37.874666,
-153.513020,57.999995,-107.979266,-171.888665,-224.832181,
-122.225523,-4.160948,0.913092,83.905336,39.932323,
-153.314614,57.850553,-107.996140,-170.469629,-224.475855,
-121.949100,-8.277358,3.941620,86.827259,41.986630,
-153.116207,57.406318,-107.928048,-169.000080,-224.100698,
-121.672677,-12.351588,6.967047,89.723453,44.037415,
-152.917801,56.669553,-107.775045,-167.480452,-223.706741,
-121.396253,-16.362877,9.986993,92.593061,46.084505,
-152.719394,55.644014,-107.537249,-165.911197,-223.294018,
-121.119830,-20.290785,12.999082,95.435230,48.127730,
-152.520988,54.334925,-107.214849,-164.292778,-222.862562,
-120.843407,-24.115296,16.000944,98.249121,50.166917,
-152.322581,52.748958,-106.808098,-162.625675,-222.412411,
-120.566983,-27.816920,18.990217,101.033898,52.201895,
-152.124174,50.894194,-106.317316,-160.910383,-221.943601,
-120.290560,-31.376796,21.964549,103.788736,54.232495,
-151.925768,48.780085,-105.742889,-159.147410,-221.456173,
-120.014136,-34.776783,24.921601,106.512820,56.258545,
-151.727361,46.417404,-105.085269,-157.337279,-220.950167,
-119.737713,-37.999555,27.859046,109.205341,58.279875,
-151.528955,43.818190,-104.344974,-155.480524,-220.425625,
-119.461290,-41.028691,30.774573,111.865503,60.296316,
-151.330548,40.995689,-103.522585,-153.577698,-219.882592,
-119.184866,-43.848753,33.665888,114.492517,62.307700,
-151.132142,37.964284,-102.618751,-151.629363,-219.321113,
-118.908443,-46.445373,36.530716,117.085604,64.313856,
-150.933735,34.739421,-101.634181,-149.636097,-218.741235,
-118.632020,-48.805317,39.366804,119.643995,66.314616,
-150.735328,31.337534,-100.569651,-147.598490,-218.143007,
-118.355596,-50.916561,42.171921,122.166934,68.309814,
-150.536922,27.775958,-99.425998,-145.517147,-217.526480,
-118.079173,-52.768345,44.943858,124.653672,70.299281,
-150.338515,24.072842,-98.204122,-143.392684,-216.891703,
-117.802750,-54.351235,47.680437,127.103473,72.282851,
-150.140109,20.247057,-96.904984,-141.225731,-216.238732,
-117.526326,-55.657162,50.379502,129.515610,74.260357,
-149.941702,16.318097,-95.529607,-139.016930,-215.567621,
-117.249903,-56.679474,53.038932,131.889369,76.231634,
-149.743296,12.305984,-94.079071,-136.766935,-214.878426,
-116.973479,-57.412960,55.656634,134.224046,78.196515,
-149.544889,8.231162,-92.554520,-134.476412,-214.171205,
-116.697056,-57.853883,58.230548,136.518950,80.154836,
-149.346482,4.114396,-90.957151,-132.146042,-213.446017,
-116.420633,-57.999995,60.758649,138.773400,82.106434,
-149.148076,-0.023336,-89.288222,-129.776514,-212.702923,
-116.144209,-57.850553,63.238949,140.986728,84.051143,
-148.949669,-4.160948,-87.549046,-127.368530,-211.941986,
-115.867786,-57.406318,65.669495,143.158279,85.988802,
-148.751263,-8.277358,-85.740990,-124.922804,-211.163269,
-115.591363,-56.669553,68.048376,145.287410,87.919246,
-148.552856,-12.351588,-83.865479,-122.440061,-210.366837,
-115.314939,-55.644014,70.373720,147.373488,89.842316,
-148.354450,-16.362877,-81.923986,-119.921036,-209.552758,
-115.038516,-54.334925,72.643698,149.415897,91.757848,
-148.156043,-20.290785,-79.918040,-117.366476,-208.721099,
-114.762093,-52.748958,74.856524,151.414030,93.665683,
-147.957637,-24.115296,-77.849218,-114.777138,-207.871931,
-114.485669,-50.894194,77.010457,153.367296,95.565660,
-147.759230,-27.816920,-75.719149,-112.153789,-207.005325,
-114.209246,-48.780085,79.103801,155.275116,97.457621,
-147.560823,-31.376796,-73.529508,-109.497206,-206.121353,
-113.932823,-46.417404,81.134911,157.136925,99.341405,
-147.362417,-34.776783,-71.282018,-106.808177,-205.220090,
-113.656399,-43.818190,83.102189,158.952171,101.216856,
-147.164010,-37.999555,-68.978447,-104.087499,-204.301610,
-113.379976,-40.995689,85.004086,160.720316,103.083816,
-146.965604,-41.028691,-66.620608,-101.335977,-203.365992,
-113.103552,-37.964284,86.839106,162.440835,104.942128,
-146.767197,-43.848753,-64.210355,-98.554427,-202.413314,
-112.827129,-34.739421,88.605806,164.113220,106.791637,
-146.568791,-46.445373,-61.749584,-95.743673,-201.443655,
-112.550706,-31.337534,90.302795,165.736975,108.632187,
-146.370384,-48.805317,-59.240232,-92.904548,-200.457097,
-112.274282,-27.775958,91.928739,167.311619,110.463624,
-146.171977,-50.916561,-56.684273,-90.037894,-199.453723,
-111.997859,-24.072842,93.482359,168.836684,112.285794,
-145.973571,-52.768345,-54.083718,-87.144559,-198.433617,
-111.721436,-20.247057,94.962431,170.311719,114.098545,
-145.775164,-54.351235,-51.440613,-84.225402,-197.396865,
-111.445012,-16.318097,96.367792,171.736288,115.901723,
-145.576758,-55.657162,-48.757037,-81.281287,-196.343552,
-111.168589,-12.305984,97.697336,173.109967,117.695179,
-145.378351,-56.679474,-46.035102,-78.313086,-195.273769,
-110.892166,-8.231162,98.950017,174.432350,119.478762,
-145.179945,-57.412960,-43.276948,-75.321680,-194.187604,
-110.615742,-4.114396,100.124849,175.703044,121.252321,
-144.981538,-57.853883,-40.484746,-72.307954,-193.085149,
-110.339319,0.023336,101.220908,176.921675,123.015709,
-144.783131,-57.999995,-37.660694,-69.272801,-191.966496,
-110.062895,4.160948,102.237332,178.087879,124.768776,
-144.584725,-57.850553,-34.807011,-66.217122,-190.831739,
-109.786472,8.277358,103.173320,179.201313,126.511377,
-144.386318,-57.406318,-31.925945,-63.141821,-189.680973,
-109.510049,12.351588,104.028138,180.261645,128.243365,
-144.187912,-56.669553,-29.019761,-60.047810,-188.514294,
-109.233625,16.362877,104.801112,181.268561,129.964595,
-143.989505,-55.644014,-26.090745,-56.936005,-187.331802,
-108.957202,20.290785,105.491633,182.221764,131.674922,
-143.791099,-54.334925,-23.141203,-53.807329,-186.133594,
-108.680779,24.115296,106.099160,183.120971,133.374203,
-143.592692,-52.748958,-20.173454,-50.662709,-184.919772,
-108.404355,27.816920,106.623213,183.965915,135.062295,
-143.394286,-50.894194,-17.189835,-47.503076,-183.690436,
-108.127932,31.376796,107.063381,184.756345,136.739057,
-143.195879,-48.780085,-14.192691,-44.329368,-182.445691,
-107.851509,34.776783,107.419317,185.492029,138.404348,
-142.997472,-46.417404,-11.184380,-41.142523,-181.185641,
-107.575085,37.999555,107.690741,186.172747,140.058028,
-142.799066,-43.818190,-8.167271,-37.943487,-179.910391,
-107.298662,41.028691,107.877440,186.798298,141.699959,
-142.600659,-40.995689,-5.143736,-34.733207,-178.620048,
-107.022239,43.848753,107.979266,187.368497,143.330002,
-142.402253,-37.964284,-2.116155,-31.512636,-177.314721,
-106.745815,46.445373,107.996140,187.883175,144.948022,
-142.203846,-34.739421,0.913092,-28.282726,-175.994520,
-106.469392,48.805317,107.928048,188.342179,146.553882,
-142.005440,-31.337534,3.941620,-25.044436,-174.659554,
-106.192968,50.916561,107.775045,188.745372,148.147448,
-141.807033,-27.775958,6.967047,-21.798724,-173.309936,
-105.916545,52.768345,107.537249,189.092637,149.728585,
-141.608626,-24.072842,9.986993,-18.546553,-171.945779,
-105.640122,54.351235,107.214849,189.383869,151.297162,
-141.410220,-20.247057,12.999082,-15.288886,-170.567197,
-105.363698,55.657162,106.808098,189.618983,152.853047,
-141.211813,-16.318097,16.000944,-12.026689,-169.174307,
-105.087275,56.679474,106.317316,189.797909,154.396109,
-141.013407,-12.305984,18.990217,-8.760928,-167.767225,
-104.810852,57.412960,105.742889,189.920593,155.926218,
-140.815000,-8.231162,21.964549,-5.492571,-166.346068,
-104.534428,57.853883,105.085269,189.987000,157.443247,
-140.616594,-4.114396,24.921601,-2.222586,-164.910957,
-104.258005,57.999995,104.344974,189.997109,158.947068,
-140.418187,0.023336,27.859046,1.048057,-163.462012,
-103.981582,57.850553,103.522585,189.950919,160.437556,
-140.219780,4.160948,30.774573,4.318390,-161.999354,
-103.705158,57.406318,102.618751,189.848441,161.914584,
-140.021374,8.277358,33.665888,7.587443,-160.523106,
-103.428735,56.669553,101.634181,189.689708,163.378029,
-139.822967,12.351588,36.530716,10.854247,-159.033392,
-103.152311,55.644014,100.569651,189.474765,164.827768,
-139.624561,16.362877,39.366804,14.117836,-157.530336,
-102.875888,54.334925,99.425998,189.203677,166.263680,
-139.426154,20.290785,42.171921,17.377240,-156.014065,
-102.599465,52.748958,98.204122,188.876524,167.685645,
-139.227748,24.115296,44.943858,20.631496,-154.484707,
-102.323041,50.894194,96.904984,188.493403,169.093542,
-139.029341,27.816920,47.680437,23.879638,-152.942388,
-102.046618,48.780085,95.529607,188.054427,170.487254,
-138.830935,31.376796,50.379502,27.120704,-151.387240,
-101.770195,46.417404,94.079071,187.559726,171.866664,
-138.632528,34.776783,53.038932,30.353734,-149.819391,
-101.493771,43.818190,92.554520,187.009447,173.231656,
-138.434121,37.999555,55.656634,33.577769,-148.238974,
-101.217348,40.995689,90.957151,186.403754,174.582115,
-138.235715,41.028691,58.230548,36.791854,-146.646122,
-100.940925,37.964284,89.288222,185.742825,175.917929,
-138.037308,43.848753,60.758649,39.995037,-145.040967,
-100.664501,34.739421,87.549046,185.026856,177.238986,
-137.838902,46.445373,63.238949,43.186369,-143.423645,
-100.388078,31.337534,85.740990,184.256060,178.545173,
-137.640495,48.805317,65.669495,46.364904,-141.794291,
-100.111655,27.775958,83.865479,183.430665,179.836383,
-137.442089,50.916561,68.048376,49.529699,-140.153043,
-99.835231,24.072842,81.923986,182.550915,181.112506,
-137.243682,52.768345,70.373720,52.679818,-138.500036,
-99.558808,20.247057,79.918040,181.617072,182.373436,
-137.045275,54.351235,72.643698,55.814327,-136.835411,
-99.282384,16.318097,77.849218,180.629412,183.619067,
-136.846869,55.657162,74.856524,58.932297,-135.159307,
-99.005961,12.305984,75.719149,179.588227,184.849294,
-136.648462,56.679474,77.010457,62.032804,-133.471865,
-98.729538,8.231162,73.529508,178.493826,186.064014,
-136.450056,57.412960,79.103801,65.114929,-131.773225,
-98.453114,4.114396,71.282018,177.346534,187.263125,
-136.251649,57.853883,81.134911,68.177760,-130.063531,
-98.176691,-0.023336,68.978447,176.146690,188.446526,
-136.053243,57.999995,83.102189,71.220387,-128.342926,
-97.900268,-4.160948,66.620608,174.894650,189.614119,
-135.854836,57.850553,85.004086,74.241911,-126.611555,
-97.623844,-8.277358,64.210355,173.590785,190.765805,
-135.656429,57.406318,86.839106,77.241435,-124.869562,
-97.347421,-12.351588,61.749584,172.235481,191.901488,
-135.458023,56.669553,88.605806,80.218071,-123.117094,
-97.070998,-16.362877,59.240232,170.829141,193.021073,
-135.259616,55.644014,90.302795,83.170937,-121.354297,
-96.794574,-20.290785,56.684273,169.372180,194.124465,
-135.061210,54.334925,91.928739,86.099157,-119.581321,
-96.518151,-24.115296,54.083718,167.865030,195.211571,
-134.862803,52.748958,93.482359,89.001864,-117.798312,
-96.241727,-27.816920,51.440613,166.308138,196.282302,
-134.664397,50.894194,94.962431,91.878198,-116.005422,
-95.965304,-31.376796,48.757037,164.701965,197.336567,
-134.465990,48.780085,96.367792,94.727306,-114.202800,
-95.688881,-34.776783,46.035102,163.046988,198.374277,
-134.267584,46.417404,97.697336,97.548345,-112.390597,
-95.412457,-37.999555,43.276948,161.343697,199.395345,
-134.069177,43.818190,98.950017,100.340478,-110.568966,
-95.136034,-41.028691,40.484746,159.592595,200.399687,
-133.870770,40.995689,100.124849,103.102878,-108.738059,
-94.859611,-43.848753,37.660694,157.794204,201.387217,
-133.672364,37.964284,101.220908,105.834726,-106.898031,
-94.583187,-46.445373,34.807011,155.949054,202.357852,
-133.473957,34.739421,102.237332,108.535214,-105.049035,
-94.306764,-48.805317,31.925945,154.057693,203.311512,
-133.275551,31.337534,103.173320,111.203540,-103.191226,
-94.030341,-50.916561,29.019761,152.120682,204.248116,
-133.077144,27.775958,104.028138,113.838914,-101.324760,
-93.753917,-52.768345,26.090745,150.138593,205.167586,
-132.878738,24.072842,104.801112,116.440555,-99.449795,
-93.477494,-54.351235,23.141203,148.112016,206.069844,
-132.680331,20.247057,105.491633,119.007692,-97.566487,
-93.201070,-55.657162,20.173454,146.041550,206.954815,
-132.481924,16.318097,106.099160,121.539564,-95.674993,
-92.924647,-56.679474,17.189835,143.927808,207.822425,
-132.283518,12.305984,106.623213,124.035422,-93.775474,
-92.648224,-57.412960,14.192691,141.771418,208.672601,
-132.085111,8.231162,107.063381,126.494526,-91.868088,
-92.371800,-57.853883,11.184380,139.573018,209.505271,
-131.886705,4.114396,107.419317,128.916146,-89.952995,
-92.095377,-57.999995,8.167271,137.333259,210.320366,
-131.688298,-0.023336,107.690741,131.299566,-88.030356,
-91.818954,-57.850553,5.143736,135.052805,211.117817,
-131.489892,-4.160948,107.877440,133.644079,-86.100332,
-91.542530,-57.406318,2.116155,132.732333,211.897558,
-131.291485,-8.277358,107.979266,135.948990,-84.163086,
-91.266107,-56.669553,-0.913092,130.372529,212.659522,
-131.093078,-12.351588,107.996140,138.213616,-82.218778,
-90.989684,-55.644014,-3.941620,127.974092,213.403647,
-130.894672,-16.362877,107.928048,140.437287,-80.267574,
-90.713260,-54.334925,-6.967047,125.537735,214.129869,
-130.696265,-20.290785,107.775045,142.619344,-78.309636,
-90.436837,-52.748958,-9.986993,123.064177,214.838128,
-130.497859,-24.115296,107.537249,144.759139,-76.345128,
-90.160414,-50.894194,-12.999082,120.554153,215.528365,
-130.299452,-27.816920,107.214849,146.856039,-74.374216,
-89.883990,-48.780085,-16.000944,118.008407,216.200520,
-130.101046,-31.376796,106.808098,148.909422,-72.397065,
-89.607567,-46.417404,-18.990217,115.427691,216.854539,
-129.902639,-34.776783,106.317316,150.918680,-70.413840,
-89.331143,-43.818190,-21.964549,112.812773,217.490366,
-129.704233,-37.999555,105.742889,152.883218,-68.424709,
-89.054720,-40.995689,-24.921601,110.164425,218.107948,
-129.505826,-41.028691,105.085269,154.802453,-66.429837,
-88.778297,-37.964284,-27.859046,107.483433,218.707232,
-129.307419,-43.848753,104.344974,156.675817,-64.429392,
-88.501873,-34.739421,-30.774573,104.770592,219.288170,
-129.109013,-46.445373,103.522585,158.502754,-62.423543,
-88.225450,-31.337534,-33.665888,102.026704,219.850711,
-128.910606,-48.805317,102.618751,160.282724,-60.412457,
-87.949027,-27.775958,-36.530716,99.252584,220.394809,
-128.712200,-50.916561,101.634181,162.015198,-58.396302,
-87.672603,-24.072842,-39.366804,96.449054,220.920418,
-128.513793,-52.768345,100.569651,163.699664,-56.375249,
-87.396180,-20.247057,-42.171921,93.616943,221.427495,
-128.315387,-54.351235,99.425998,165.335622,-54.349467,
-87.119757,-16.318097,-44.943858,90.757092,221.915996,
-128.116980,-55.657162,98.204122,166.922588,-52.319125,
-86.843333,-12.305984,-47.680437,87.870347,222.385880,
-127.918573,-56.679474,96.904984,168.460090,-50.284395,
-86.566910,-8.231162,-50.379502,84.957565,222.837109,
-127.720167,-57.412960,95.529607,169.947675,-48.245446,
-86.290486,-4.114396,-53.038932,82.019608,223.269643,
-127.521760,-57.853883,94.079071,171.384900,-46.202449,
-86.014063,0.023336,-55.656634,79.057346,223.683448,
-127.323354,-57.999995,92.554520,172.771340,-44.155577,
-85.737640,4.160948,-58.230548,76.071658,224.078488,
-127.124947,-57.850553,90.957151,174.106585,-42.105001,
-85.461216,8.277358,-60.758649,73.063429,224.454731,
-126.926541,-57.406318,89.288222,175.390237,-40.050892,
-85.184793,12.351588,-63.238949,70.033549,224.812143,
-126.728134,-56.669553,87.549046,176.621918,-37.993424,
-84.908370,16.362877,-65.669495,66.982917,225.150697,
-126.529727,-55.644014,85.740990,177.801262,-35.932768,
-84.631946,20.290785,-68.048376,63.912436,225.470362,
-126.331321,-54.334925,83.865479,178.927920,-33.869098,
-84.355523,24.115296,-70.373720,60.823017,225.771113,
-126.132914,-52.748958,81.923986,180.001557,-31.802586,
-84.079100,27.816920,-72.643698,57.715574,226.052924,
-125.934508,-50.894194,79.918040,181.021856,-29.733407,
-83.802676,31.376796,-74.856524,54.591029,226.315772,
-125.736101,-48.780085,77.849218,181.988515,-27.661733,
-83.526253,34.776783,-77.010457,51.450308,226.559634,
-125.537695,-46.417404,75.719149,182.901246,-25.587739,
-83.249830,37.999555,-79.103801,48.294341,226.784490,
-125.339288,-43.818190,73.529508,183.759780,-23.511599,
-82.973406,41.028691,-81.134911,45.124063,226.990321,
-125.140882,-40.995689,71.282018,184.563861,-21.433485,
-82.696983,43.848753,-83.102189,41.940414,227.177110,
-124.942475,-37.964284,68.978447,185.313253,-19.353574,
-82.420559,46.445373,-85.004086,38.744337,227.344841,
-124.744068,-34.739421,66.620608,186.007732,-17.272040,
-82.144136,48.805317,-86.839106,35.536779,227.493500,
-124.545662,-31.337534,64.210355,186.647093,-15.189056,
-81.867713,50.916561,-88.605806,32.318691,227.623075,
-124.347255,-27.775958,61.749584,187.231146,-13.104798,
-81.591289,52.768345,-90.302795,29.091026,227.733555,
-124.148849,-24.072842,59.240232,187.759719,-11.019441,
-81.314866,54.351235,-91.928739,25.854741,227.824930,
-123.950442,-20.247057,56.684273,188.232655,-8.933159,
-81.038443,55.657162,-93.482359,22.610795,227.897193,
-123.752036,-16.318097,54.083718,188.649813,-6.846128,
-80.762019,56.679474,-94.962431,19.360149,227.950338,
-123.553629,-12.305984,51.440613,189.011070,-4.758523,
-80.485596,57.412960,-96.367792,16.103765,227.984360,
-123.355222,-8.231162,48.757037,189.316319,-2.670518,
-80.209173,57.853883,-97.697336,12.842610,227.999256,
-123.156816,-4.114396,46.035102,189.565470,-0.582290,
-79.932749,57.999995,-98.950017,9.577649,227.995026,
-122.958409,0.023336,43.276948,189.758448,1.505988,
-79.656326,57.850553,-100.124849,6.309851,227.971670,
-122.760003,4.160948,40.484746,189.895197,3.594139,
-79.379902,57.406318,-101.220908,3.040182,227.929189,
-122.561596,8.277358,37.660694,189.975676,5.681988,
-79.103479,56.669553,-102.237332,-0.230387,227.867587,
-122.363190,12.351588,34.807011,189.999860,7.769361,
-78.827056,55.644014,-103.173320,-3.500888,227.786869,
-122.164783,16.362877,31.925945,189.967744,9.856082,
-78.550632,54.334925,-104.028138,-6.770352,227.687042,
-121.966376,20.290785,29.019761,189.879336,11.941977,
-78.274209,52.748958,-104.801112,-10.037810,227.568115,
-121.767970,24.115296,26.090745,189.734663,14.026869,
-77.997786,50.894194,-105.491633,-13.302293,227.430097,
-121.569563,27.816920,23.141203,189.533767,16.110585,
-77.721362,48.780085,-106.099160,-16.562834,227.273000,
-121.371157,31.376796,20.173454,189.276709,18.192949,
-77.444939,46.417404,-106.623213,-19.818468,227.096837,
-121.172750,34.776783,17.189835,188.963564,20.273787,
-77.168516,43.818190,-107.063381,-23.068228,226.901624,
-120.974344,37.999555,14.192691,188.594424,22.352925,
-76.892092,40.995689,-107.419317,-26.311154,226.687375,
-120.775937,41.028691,11.184380,188.169400,24.430187,
-76.615669,37.964284,-107.690741,-29.546282,226.454110,
-120.577531,43.848753,8.167271,187.688618,26.505399,
-76.339246,34.739421,-107.877440,-32.772656,226.201847,
-120.379124,46.445373,5.143736,187.152219,28.578389,
-76.062822,31.337534,-107.979266,-35.989318,225.930609,
-120.180717,48.805317,2.116155,186.560363,30.648980,
-75.786399,27.775958,-107.996140,-39.195316,225.640417,
-119.982311,50.916561,-0.913092,185.913225,32.717001,
-75.509975,24.072842,-107.928048,-42.389699,225.331297,
-119.783904,52.768345,-3.941620,185.210997,34.782277,
-75.233552,20.247057,-107.775045,-45.571521,225.003273,
-119.585498,54.351235,-6.967047,184.453887,36.844635,
-74.957129,16.318097,-107.537249,-48.739840,224.656374,
-119.387091,55.657162,-9.986993,183.642119,38.903902,
-74.680705,12.305984,-107.214849,-51.893716,224.290629,
-119.188685,56.679474,-12.999082,182.775935,40.959906,
-74.404282,8.231162,-106.808098,-55.032214,223.906068,
-118.990278,57.412960,-16.000944,181.855589,43.012473,
-74.127859,4.114396,-106.317316,-58.154406,223.502723,
-118.791871,57.853883,-18.990217,180.881356,45.061432,
-73.851435,-0.023336,-105.742889,-61.259365,223.080629,
-118.593465,57.999995,-21.964549,179.853524,47.106611,
-73.575012,-4.160948,-105.085269,-64.346171,222.639821,
-118.395058,57.850553,-24.921601,178.772398,49.147839,
-73.298589,-8.277358,-104.344974,-67.413911,222.180336,
-118.196652,57.406318,-27.859046,177.638297,51.184943,
-73.022165,-12.351588,-103.522585,-70.461674,221.702212,
-117.998245,56.669553,-30.774573,176.451559,53.217753,
-72.745742,-16.362877,-102.618751,-73.488558,221.205489,
-117.799839,55.644014,-33.665888,175.212533,55.246099,
-72.469318,-20.290785,-101.634181,-76.493665,220.690210,
-117.601432,54.334925,-36.530716,173.921589,57.269811,
-72.192895,-24.115296,-100.569651,-79.476106,220.156417,
-117.403026,52.748958,-39.366804,172.579108,59.288718,
-71.916472,-27.816920,-99.425998,-82.434997,219.604155,
-117.204619,50.894194,-42.171921,171.185488,61.302651,
-71.640048,-31.376796,-98.204122,-85.369460,219.033471,
-117.006212,48.780085,-44.943858,169.741142,63.311441,
-71.363625,-34.776783,-96.904984,-88.278626,218.444412,
-116.807806,46.417404,-47.680437,168.246498,65.314921,
-71.087202,-37.999555,-95.529607,-91.161634,217.837028,
-116.609399,43.818190,-50.379502,166.701999,67.312921,
-70.810778,-41.028691,-94.079071,-94.017628,217.211369,
-116.410993,40.995689,-53.038932,165.108103,69.305275,
-70.534355,-43.848753,-92.554520,-96.845763,216.567489,
-116.212586,37.964284,-55.656634,163.465281,71.291814,
-70.257932,-46.445373,-90.957151,-99.645200,215.905441,
-116.014180,34.739421,-58.230548,161.774022,73.272373,
-69.981508,-48.805317,-89.288222,-102.415111,215.225281,
-115.815773,31.337534,-60.758649,160.034825,75.246785,
-69.705085,-50.916561,-87.549046,-105.154673,214.527065,
-115.617366,27.775958,-63.238949,158.248206,77.214884,
-69.428662,-52.768345,-85.740990,-107.863076,213.810853,
-115.418960,24.072842,-65.669495,156.414695,79.176506,
-69.152238,-54.351235,-83.865479,-110.539517,213.076705,
-115.220553,20.247057,-68.048376,154.534835,81.131486,
-68.875815,-55.657162,-81.923986,-113.183202,212.324681,
-115.022147,16.318097,-70.373720,152.609183,83.079660,
-68.599391,-56.679474,-79.918040,-115.793349,211.554846,
-114.823740,12.305984,-72.643698,150.638309,85.020864,
-68.322968,-57.412960,-77.849218,-118.369184,210.767263,
-114.625334,8.231162,-74.856524,148.622799,86.954936,
-68.046545,-57.853883,-75.719149,-120.909944,209.961999,
-114.426927,4.114396,-77.010457,146.563248,88.881713,
-67.770121,-57.999995,-73.529508,-123.414875,209.139122,
-114.228520,-0.023336,-79.103801,144.460267,90.801034,
-67.493698,-57.850553,-71.282018,-125.883236,208.298700,
-114.030114,-4.160948,-81.134911,142.314479,92.712738,
-67.217275,-57.406318,-68.978447,-128.314294,207.440803,
-113.831707,-8.277358,-83.102189,140.126521,94.616664,
-66.940851,-56.669553,-66.620608,-130.707331,206.565505,
-113.633301,-12.351588,-85.004086,137.897040,96.512653,
-66.664428,-55.644014,-64.210355,-133.061636,205.672878,
-113.434894,-16.362877,-86.839106,135.626697,98.400545,
-66.388005,-54.334925,-61.749584,-135.376512,204.762997,
-113.236488,-20.290785,-88.605806,133.316165,100.280182,
-66.111581,-52.748958,-59.240232,-137.651273,203.835939,
-113.038081,-24.115296,-90.302795,130.966129,102.151407,
-65.835158,-50.894194,-56.684273,-139.885246,202.891781,
-112.839675,-27.816920,-91.928739,128.577284,104.014063,
-65.558734,-48.780085,-54.083718,-142.077767,201.930602,
-112.641268,-31.376796,-93.482359,126.150340,105.867993,
-65.282311,-46.417404,-51.440613,-144.228187,200.952484,
-112.442861,-34.776783,-94.962431,123.686014,107.713042,
-65.005888,-43.818190,-48.757037,-146.335869,199.957507,
-112.244455,-37.999555,-96.367792,121.185038,109.549054,
-64.729464,-40.995689,-46.035102,-148.400189,198.945757,
-112.046048,-41.028691,-97.697336,118.648151,111.375877,
-64.453041,-37.964284,-43.276948,-150.420535,197.917316,
-111.847642,-43.848753,-98.950017,116.076107,113.193356,
-64.176618,-34.739421,-40.484746,-152.396308,196.872273,
-111.649235,-46.445373,-100.124849,113.469667,115.001340,
-63.900194,-31.337534,-37.660694,-154.326923,195.810714,
-111.450829,-48.805317,-101.220908,110.829603,116.799676,
-63.623771,-27.775958,-34.807011,-156.211807,194.732728,
-111.252422,-50.916561,-102.237332,108.156698,118.588214,
-63.347348,-24.072842,-31.925945,-158.050402,193.638407,
-111.054015,-52.768345,-103.173320,105.451744,120.366803,
-63.070924,-20.247057,-29.019761,-159.842164,192.527841,
-110.855609,-54.351235,-104.028138,102.715542,122.135296,
-62.794501,-16.318097,-26.090745,-161.586561,191.401124,
-110.657202,-55.657162,-104.801112,99.948904,123.893542,
-62.518078,-12.305984,-23.141203,-163.283076,190.258351,
-110.458796,-56.679474,-105.491633,97.152648,125.641394,
-62.241654,-8.231162,-20.173454,-164.931207,189.099617,
-110.260389,-57.412960,-106.099160,94.327604,127.378707,
-61.965231,-4.114396,-17.189835,-166.530465,187.925019,
-110.061983,-57.853883,-106.623213,91.474609,129.105334,
-61.688807,0.023336,-14.192691,-168.080377,186.734656,
-109.863576,-57.999995,-107.063381,88.594508,130.821130,
-61.412384,4.160948,-11.184380,-169.580483,185.528628,
-109.665169,-57.850553,-107.419317,85.688154,132.525952,
-61.135961,8.277358,-8.167271,-171.030338,184.307037,
-109.466763,-57.406318,-107.690741,82.756410,134.219657,
-60.859537,12.351588,-5.143736,-172.429514,183.069984,
-109.268356,-56.669553,-107.877440,79.800142,135.902101,
-60.583114,16.362877,-2.116155,-173.777595,181.817573,
-109.069950,-55.644014,-107.979266,76.820228,137.573145,
-60.306691,20.290785,0.913092,-175.074182,180.549909,
-108.871543,-54.334925,-107.996140,73.817551,139.232648,
-60.030267,24.115296,3.941620,-176.318891,179.267100,
-108.673137,-52.748958,-107.928048,70.793000,140.880471,
-59.753844,27.816920,6.967047,-177.511352,177.969251,
-108.474730,-50.894194,-107.775045,67.747471,142.516475,
-59.477421,31.376796,9.986993,-178.651213,176.656473,
-108.276324,-48.780085,-107.537249,64.681867,144.140524,
-59.200997,34.776783,12.999082,-179.738136,175.328875,
-108.077917,-46.417404,-107.214849,61.597097,145.752480,
-58.924574,37.999555,16.000944,-180.771799,173.986569,
-107.879510,-43.818190,-106.808098,58.494074,147.352210,
-58.648150,41.028691,18.990217,-181.751895,172.629667,
-107.681104,-40.995689,-106.317316,55.373719,148.939578,
-58.371727,43.848753,21.964549,-182.678134,171.258284,
-107.482697,-37.964284,-105.742889,52.236954,150.514452,
-58.095304,46.445373,24.921601,-183.550241,169.872533,
-107.284291,-34.739421,-105.085269,49.084711,152.076699,
-57.818880,48.805317,27.859046,-184.367959,168.472532,
-107.085884,-31.337534,-104.344974,45.917923,153.626189,
-57.542457,50.916561,30.774573,-185.131045,167.058398,
-106.887478,-27.775958,-103.522585,42.737528,155.162790,
-57.266034,52.768345,33.665888,-185.839272,165.630250,
-106.689071,-24.072842,-102.618751,39.544470,156.686376,
-56.989610,54.351235,36.530716,-186.492431,164.188207,
-106.490664,-20.247057,-101.634181,36.339693,158.196817,
-56.713187,55.657162,39.366804,-187.090328,162.732390,
-106.292258,-16.318097,-100.569651,33.124148,159.693987,
-56.436764,56.679474,42.171921,-187.632786,161.262921,
-106.093851,-12.305984,-99.425998,29.898788,161.177760,
-56.160340,57.412960,44.943858,-188.119645,159.779924,
-105.895445,-8.231162,-98.204122,26.664568,162.648012,
-55.883917,57.853883,47.680437,-188.550760,158.283524,
-105.697038,-4.114396,-96.904984,23.422447,164.104619,
-55.607493,57.999995,50.379502,-188.926003,156.773845,
-105.498632,0.023336,-95.529607,20.173386,165.547460,
-55.331070,57.850553,53.038932,-189.245263,155.251014,
-105.300225,4.160948,-94.079071,16.918346,166.976413,
-55.054647,57.406318,55.656634,-189.508446,153.715159,
-105.101818,8.277358,-92.554520,13.658293,168.391359,
-54.778223,56.669553,58.230548,-189.715473,152.166410,
-104.903412,12.351588,-90.957151,10.394193,169.792178,
-54.501800,55.644014,60.758649,-189.866284,150.604895,
-104.705005,16.362877,-89.288222,7.127013,171.178754,
-54.225377,54.334925,63.238949,-189.960833,149.030746,
-104.506599,20.290785,-87.549046,3.857722,172.550969,
-53.948953,52.748958,65.669495,-189.999092,147.444094,
-104.308192,24.115296,-85.740990,0.587286,173.908709,
-53.672530,50.894194,68.048376,-189.981051,145.845074,
-104.109786,27.816920,-83.865479,-2.683323,175.251860,
-53.396107,48.780085,70.373720,-189.906714,144.233819,
-103.911379,31.376796,-81.923986,-5.953137,176.580309,
-53.119683,46.417404,72.643698,-189.776104,142.610464,
-103.712973,34.776783,-79.918040,-9.221186,177.893945,
-52.843260,43.818190,74.856524,-189.589259,140.975145,
-103.514566,37.999555,-77.849218,-12.486504,179.192657,
-52.566837,40.995689,77.010457,-189.346235,139.328000,
-103.316159,41.028691,-75.719149,-15.748121,180.476337,
-52.290413,37.964284,79.103801,-189.047103,137.669167,
-103.117753,43.848753,-73.529508,-19.005072,181.744877,
-52.013990,34.739421,81.134911,-188.691953,135.998785,
-102.919346,46.445373,-71.282018,-22.256392,182.998170,
-51.737566,31.337534,83.102189,-188.280889,134.316994,
-102.720940,48.805317,-68.978447,-25.501116,184.236112,
-51.461143,27.775958,85.004086,-187.814033,132.623936,
-102.522533,50.916561,-66.620608,-28.738284,185.458598,
-51.184720,24.072842,86.839106,-187.291524,130.919751,
-102.324127,52.768345,-64.210355,-31.966935,186.665526,
-50.908296,20.247057,88.605806,-186.713517,129.204584,
-102.125720,54.351235,-61.749584,-35.186115,187.856795,
-50.631873,16.318097,90.302795,-186.080182,127.478577,
-101.927313,55.657162,-59.240232,-38.394868,189.032305,
-50.355450,12.305984,91.928739,-185.391708,125.741877,
-101.728907,56.679474,-56.684273,-41.592244,190.191957,
-50.079026,8.231162,93.482359,-184.648298,123.994628,
-101.530500,57.412960,-54.083718,-44.777295,191.335653,
-49.802603,4.114396,94.962431,-183.850173,122.236977,
-101.332094,57.853883,-51.440613,-47.949078,192.463299,
-49.526180,-0.023336,96.367792,-182.997569,120.469072,
-101.133687,57.999995,-48.757037,-51.106652,193.574799,
-49.249756,-4.160948,97.697336,-182.090739,118.691061,
-100.935281,57.850553,-46.035102,-54.249082,194.670059,
-48.973333,-8.277358,98.950017,-181.129951,116.903093,
-100.736874,57.406318,-43.276948,-57.375437,195.748989,
-48.696909,-12.351588,100.124849,-180.115491,115.105318,
-100.538467,56.669553,-40.484746,-60.484791,196.811498,
-48.420486,-16.362877,101.220908,-179.047659,113.297886,
-100.340061,55.644014,-37.660694,-63.576222,197.857497,
-48.144063,-20.290785,102.237332,-177.926771,111.480951,
-100.141654,54.334925,-34.807011,-66.648813,198.886897,
-47.867639,-24.115296,103.173320,-176.753159,109.654663,
-99.943248,52.748958,-31.925945,-69.701655,199.899612,
-47.591216,-27.816920,104.028138,-175.527172,107.819176,
-99.744841,50.894194,-29.019761,-72.733843,200.895558,
-47.314793,-31.376796,104.801112,-174.249172,105.974644,
-99.546435,48.780085,-26.090745,-75.744479,201.874651,
-47.038369,-34.776783,105.491633,-172.919538,104.121222,
-99.348028,46.417404,-23.141203,-78.732670,202.836809,
-46.761946,-37.999555,106.099160,-171.538665,102.259065,
-99.149622,43.818190,-20.173454,-81.697530,203.781951,
-46.485523,-41.028691,106.623213,-170.106961,100.388330,
-98.951215,40.995689,-17.189835,-84.638182,204.709998,
-46.209099,-43.848753,107.063381,-168.624851,98.509174,
-98.752808,37.964284,-14.192691,-87.553753,205.620871,
-45.932676,-46.445373,107.419317,-167.092773,96.621753,
-98.554402,34.739421,-11.184380,-90.443381,206.514495,
-45.656253,-48.805317,107.690741,-165.511182,94.726227,
-98.355995,31.337534,-8.167271,-93.306208,207.390795,
-45.379829,-50.916561,107.877440,-163.880547,92.822754,
-98.157589,27.775958,-5.143736,-96.141387,208.249697,
-45.103406,-52.768345,107.979266,-162.201351,90.911495,
-97.959182,24.072842,-2.116155,-98.948077,209.091129,
-44.826982,-54.351235,107.996140,-160.474090,88.992609,
-97.760776,20.247057,0.913092,-101.725446,209.915020,
-44.550559,-55.657162,107.928048,-158.699278,87.066257,
-97.562369,16.318097,3.941620,-104.472672,210.721301,
-44.274136,-56.679474,107.775045,-156.877440,85.132602,
-97.363962,12.305984,6.967047,-107.188940,211.509906,
-43.997712,-57.412960,107.537249,-155.009115,83.191804,
-97.165556,8.231162,9.986993,-109.873447,212.280766,
-43.721289,-57.853883,107.214849,-153.094858,81.244028,
-96.967149,4.114396,12.999082,-112.525395,213.033819,
-43.444866,-57.999995,106.808098,-151.135236,79.289436,
-96.768743,-0.023336,16.000944,-115.143999,213.769000,
-43.168442,-57.850553,106.317316,-149.130829,77.328193,
-96.570336,-4.160948,18.990217,-117.728484,214.486248,
-42.892019,-57.406318,105.742889,-147.082231,75.360462,
-96.371930,-8.277358,21.964549,-120.278083,215.185503,
-42.615596,-56.669553,105.085269,-144.990050,73.386410,
-96.173523,-12.351588,24.921601,-122.792042,215.866706,
-42.339172,-55.644014,104.344974,-142.854905,71.406201,
-95.975116,-16.362877,27.859046,-125.269614,216.529800,
-42.062749,-54.334925,103.522585,-140.677429,69.420002,
-95.776710,-20.290785,30.774573,-127.710066,217.174730,
-41.786325,-52.748958,102.618751,-138.458267,67.427980,
-95.578303,-24.115296,33.665888,-130.112675,217.801441,
-41.509902,-50.894194,101.634181,-136.198077,65.430301,
-95.379897,-27.816920,36.530716,-132.476729,218.409880,
-41.233479,-48.780085,100.569651,-133.897529,63.427133,
-95.181490,-31.376796,39.366804,-134.801527,218.999997,
-40.957055,-46.417404,99.425998,-131.557304,61.418644,
-94.983084,-34.776783,42.171921,-137.086381,219.571743,
-40.680632,-43.818190,98.204122,-129.178095,59.405003,
-94.784677,-37.999555,44.943858,-139.330613,220.125068,
-40.404209,-40.995689,96.904984,-126.760609,57.386378,
-94.586271,-41.028691,47.680437,-141.533558,220.659928,
-40.127785,-37.964284,95.529607,-124.305560,55.362939,
-94.387864,-43.848753,50.379502,-143.694564,221.176276,
-39.851362,-34.739421,94.079071,-121.813677,53.334856,
-94.189457,-46.445373,53.038932,-145.812990,221.674070,
-39.574939,-31.337534,92.554520,-119.285698,51.302298,
-93.991051,-48.805317,55.656634,-147.888208,222.153267,
-39.298515,-27.775958,90.957151,-116.722373,49.265437,
-93.792644,-50.916561,58.230548,-149.919604,222.613829,
-39.022092,-24.072842,89.288222,-114.124459,47.224443,
-93.594238,-52.768345,60.758649,-151.906576,223.055715,
-38.745669,-20.247057,87.549046,-111.492729,45.179487,
-93.395831,-54.351235,63.238949,-153.848534,223.478889,
-38.469245,-16.318097,85.740990,-108.827960,43.130741,
-93.197425,-55.657162,65.669495,-155.744904,223.883316,
-38.192822,-12.305984,83.865479,-106.130944,41.078377,
-92.999018,-56.679474,68.048376,-157.595123,224.268961,
-37.916398,-8.231162,81.923986,-103.402478,39.022567,
-92.800611,-57.412960,70.373720,-159.398643,224.635792,
-37.639975,-4.114396,79.918040,-100.643372,36.963483,
-92.602205,-57.853883,72.643698,-161.154930,224.983779,
-37.363552,0.023336,77.849218,-97.854444,34.901299,
-92.403798,-57.999995,74.856524,-162.863464,225.312892,
-37.087128,4.160948,75.719149,-95.036519,32.836186,
-92.205392,-57.850553,77.010457,-164.523737,225.623104,
-36.810705,8.277358,73.529508,-92.190432,30.768319,
-92.006985,-57.406318,79.103801,-166.135259,225.914388,
-36.534282,12.351588,71.282018,-89.317028,28.697871,
-91.808579,-56.669553,81.134911,-167.697551,226.186720,
-36.257858,16.362877,68.978447,-86.417157,26.625016,
-91.610172,-55.644014,83.102189,-169.210150,226.440077,
-35.981435,20.290785,66.620608,-83.491679,24.549926,
-91.411765,-54.334925,85.004086,-170.672609,226.674439,
-35.705012,24.115296,64.210355,-80.541460,22.472778,
-91.213359,-52.748958,86.839106,-172.084494,226.889784,
-35.428588,27.816920,61.749584,-77.567375,20.393744,
-91.014952,-50.894194,88.605806,-173.445387,227.086096,
-35.152165,31.376796,59.240232,-74.570306,18.312999,
-90.816546,-48.780085,90.302795,-174.754884,227.263358,
-34.875741,34.776783,56.684273,-71.551139,16.230718,
-90.618139,-46.417404,91.928739,-176.012597,227.421555,
-34.599318,37.999555,54.083718,-68.510771,14.147075,
-90.419733,-43.818190,93.482359,-177.218155,227.560674,
-34.322895,41.028691,51.440613,-65.450101,12.062246,
-90.221326,-40.995689,94.962431,-178.371198,227.680702,
-34.046471,43.848753,48.757037,-62.370037,9.976405,
-90.022920,-37.964284,96.367792,-179.471386,227.781631,
-33.770048,46.445373,46.035102,-59.271491,7.889727,
-89.824513,-34.739421,97.697336,-180.518393,227.863451,
-33.493625,48.805317,43.276948,-56.155382,5.802386,
-89.626106,-31.337534,98.950017,-181.511909,227.926155,
-33.217201,50.916561,40.484746,-53.022633,3.714560,
-89.427700,-27.775958,100.124849,-182.451639,227.969739,
-32.940778,52.768345,37.660694,-49.874172,1.626421,
-89.229293,-24.072842,101.220908,-183.337304,227.994199,
-32.664355,54.351235,34.807011,-46.710932,-0.461854,
-89.030887,-20.247057,102.237332,-184.168642,227.999532,
-32.387931,55.657162,31.925945,-43.533851,-2.550090,
-88.832480,-16.318097,103.173320,-184.945408,227.985739,
-32.111508,56.679474,29.019761,-40.343870,-4.638112,
-88.634074,-12.305984,104.028138,-185.667370,227.952819,
-31.835085,57.412960,26.090745,-37.141934,-6.725745,
-88.435667,-8.231162,104.801112,-186.334314,227.900777,
-31.558661,57.853883,23.141203,-33.928992,-8.812814,
-88.237260,-4.114396,105.491633,-186.946044,227.829617,
-31.282238,57.999995,20.173454,-30.705996,-10.899144,
-88.038854,0.023336,106.099160,-187.502378,227.739344,
-31.005814,57.850553,17.189835,-27.473902,-12.984559,
-87.840447,4.160948,106.623213,-188.003151,227.629966,
-30.729391,57.406318,14.192691,-24.233666,-15.068885,
-87.642041,8.277358,107.063381,-188.448214,227.501492,
-30.452968,56.669553,11.184380,-20.986249,-17.151947,
-87.443634,12.351588,107.419317,-188.837436,227.353933,
-30.176544,55.644014,8.167271,-17.732614,-19.233570,
-87.245228,16.362877,107.690741,-189.170702,227.187301,
-29.900121,54.334925,5.143736,-14.473724,-21.313579,
-87.046821,20.290785,107.877440,-189.447912,227.001611,
-29.623698,52.748958,2.116155,-11.210545,-23.391801,
-86.848415,24.115296,107.979266,-189.668985,226.796878,
-29.347274,50.894194,-0.913092,-7.944044,-25.468060,
-86.650008,27.816920,107.996140,-189.833854,226.573118,
-29.070851,48.780085,-3.941620,-4.675189,-27.542183,
-86.451601,31.376796,107.928048,-189.942472,226.330352,
-28.794428,46.417404,-6.967047,-1.404949,-29.613995,
-86.253195,34.776783,107.775045,-189.994806,226.068599,
-28.518004,43.818190,-9.986993,1.865707,-31.683323,
-86.054788,37.999555,107.537249,-189.990840,225.787881,
-28.241581,40.995689,-12.999082,5.135811,-33.749993,
-85.856382,41.028691,107.214849,-189.930575,225.488221,
-27.965157,37.964284,-16.000944,8.404392,-35.813831,
-85.657975,43.848753,106.808098,-189.814031,225.169646,
-27.688734,34.739421,-18.990217,11.670484,-37.874666,
-85.459569,46.445373,106.317316,-189.641240,224.832181,
-27.412311,31.337534,-21.964549,14.933117,-39.932323,
-85.261162,48.805317,105.742889,-189.412254,224.475855,
-27.135887,27.775958,-24.921601,18.191325,-41.986630,
-85.062755,50.916561,105.085269,-189.127142,224.100698,
-26.859464,24.072842,-27.859046,21.444142,-44.037415,
-84.864349,52.768345,104.344974,-188.785987,223.706741,
-26.583041,20.247057,-30.774573,24.690606,-46.084505,
-84.665942,54.351235,103.522585,-188.388890,223.294018,
-26.306617,16.318097,-33.665888,27.929753,-48.127730,
-84.467536,55.657162,102.618751,-187.935970,222.862562,
-26.030194,12.305984,-36.530716,31.160623,-50.166917,
-84.269129,56.679474,101.634181,-187.427361,222.412411,
-25.753771,8.231162,-39.366804,34.382260,-52.201895,
-84.070723,57.412960,100.569651,-186.863212,221.943601,
-25.477347,4.114396,-42.171921,37.593709,-54.232495,
-83.872316,57.853883,99.425998,-186.243693,221.456173,
-25.200924,-0.023336,-44.943858,40.794018,-56.258545,
-83.673909,57.999995,98.204122,-185.568985,220.950167,
-24.924500,-4.160948,-47.680437,43.982239,-58.279875,
-83.475503,57.850553,96.904984,-184.839289,220.425625,
-24.648077,-8.277358,-50.379502,47.157427,-60.296316,
-83.277096,57.406318,95.529607,-184.054821,219.882592,
-24.371654,-12.351588,-53.038932,50.318642,-62.307700,
-83.078690,56.669553,94.079071,-183.215813,219.321113,
-24.095230,-16.362877,-55.656634,53.464945,-64.313856,
-82.880283,55.644014,92.554520,-182.322515,218.741235,
-23.818807,-20.290785,-58.230548,56.595406,-66.314616,
-82.681877,54.334925,90.957151,-181.375191,218.143007,
-23.542384,-24.115296,-60.758649,59.709097,-68.309814,
-82.483470,52.748958,89.288222,-180.374122,217.526480,
-23.265960,-27.816920,-63.238949,62.805094,-70.299281,
-82.285064,50.894194,87.549046,-179.319603,216.891703,
-22.989537,-31.376796,-65.669495,65.882481,-72.282851,
-82.086657,48.780085,85.740990,-178.211949,216.238732,
-22.713114,-34.776783,-68.048376,68.940346,-74.260357,
-81.888250,46.417404,83.865479,-177.051486,215.567621,
-22.436690,-37.999555,-70.373720,71.977782,-76.231634,
-81.689844,43.818190,81.923986,-175.838559,214.878426,
-22.160267,-41.028691,-72.643698,74.993889,-78.196515,
-81.491437,40.995689,79.918040,-174.573528,214.171205,
-21.883844,-43.848753,-74.856524,77.987775,-80.154836,
-81.293031,37.964284,77.849218,-173.256766,213.446017,
-21.607420,-46.445373,-77.010457,80.958550,-82.106434,
-81.094624,34.739421,75.719149,-171.888665,212.702923,
-21.330997,-48.805317,-79.103801,83.905336,-84.051143,
-80.896218,31.337534,73.529508,-170.469629,211.941986,
-21.054573,-50.916561,-81.134911,86.827259,-85.988802,
-80.697811,27.775958,71.282018,-169.000080,211.163269,
-20.778150,-52.768345,-83.102189,89.723453,-87.919246,
-80.499404,24.072842,68.978447,-167.480452,210.366837,
-20.501727,-54.351235,-85.004086,92.593061,-89.842316,
-80.300998,20.247057,66.620608,-165.911197,209.552758,
-20.225303,-55.657162,-86.839106,95.435230,-91.757848,
-80.102591,16.318097,64.210355,-164.292778,208.721099,
-19.948880,-56.679474,-88.605806,98.249121,-93.665683,
-79.904185,12.305984,61.749584,-162.625675,207.871931,
-19.672457,-57.412960,-90.302795,101.033898,-95.565660,
-79.705778,8.231162,59.240232,-160.910383,207.005325,
-19.396033,-57.853883,-91.928739,103.788736,-97.457621,
-79.507372,4.114396,56.684273,-159.147410,206.121353,
-19.119610,-57.999995,-93.482359,106.512820,-99.341405,
-79.308965,-0.023336,54.083718,-157.337279,205.220090,
-18.843187,-57.850553,-94.962431,109.205341,-101.216856,
-79.110558,-4.160948,51.440613,-155.480524,204.301610,
-18.566763,-57.406318,-96.367792,111.865503,-103.083816,
-78.912152,-8.277358,48.757037,-153.577698,203.365992,
-18.290340,-56.669553,-97.697336,114.492517,-104.942128,
-78.713745,-12.351588,46.035102,-151.629363,202.413314,
-18.013916,-55.644014,-98.950017,117.085604,-106.791637,
-78.515339,-16.362877,43.276948,-149.636097,201.443655,
-17.737493,-54.334925,-100.124849,119.643995,-108.632187,
-78.316932,-20.290785,40.484746,-147.598490,200.457097,
-17.461070,-52.748958,-101.220908,122.166934,-110.463624,
-78.118526,-24.115296,37.660694,-145.517147,199.453723,
-17.184646,-50.894194,-102.237332,124.653672,-112.285794,
-77.920119,-27.816920,34.807011,-143.392684,198.433617,
-16.908223,-48.780085,-103.173320,127.103473,-114.098545,
-77.721713,-31.376796,31.925945,-141.225731,197.396865,
-16.631800,-46.417404,-104.028138,129.515610,-115.901723,
-77.523306,-34.776783,29.019761,-139.016930,196.343552,
-16.355376,-43.818190,-104.801112,131.889369,-117.695179,
-77.324899,-37.999555,26.090745,-136.766935,195.273769,
-16.078953,-40.995689,-105.491633,134.224046,-119.478762,
-77.126493,-41.028691,23.141203,-134.476412,194.187604,
-15.802530,-37.964284,-106.099160,136.518950,-121.252321,
-76.928086,-43.848753,20.173454,-132.146042,193.085149,
-15.526106,-34.739421,-106.623213,138.773400,-123.015709,
-76.729680,-46.445373,17.189835,-129.776514,191.966496,
-15.249683,-31.337534,-107.063381,140.986728,-124.768776,
-76.531273,-48.805317,14.192691,-127.368530,190.831739,
-14.973260,-27.775958,-107.419317,143.158279,-126.511377,
-76.332867,-50.916561,11.184380,-124.922804,189.680973,
-14.696836,-24.072842,-107.690741,145.287410,-128.243365,
-76.134460,-52.768345,8.167271,-122.440061,188.514294,
-14.420413,-20.247057,-107.877440,147.373488,-129.964595,
-75.936053,-54.351235,5.143736,-119.921036,187.331802,
-14.143989,-16.318097,-107.979266,149.415897,-131.674922,
-75.737647,-55.657162,2.116155,-117.366476,186.133594,
-13.867566,-12.305984,-107.996140,151.414030,-133.374203,
-75.539240,-56.679474,-0.913092,-114.777138,184.919772,
-13.591143,-8.231162,-107.928048,153.367296,-135.062295,
-75.340834,-57.412960,-3.941620,-112.153789,183.690436,
-13.314719,-4.114396,-107.775045,155.275116,-136.739057,
-75.142427,-57.853883,-6.967047,-109.497206,182.445691,
-13.038296,0.023336,-107.537249,157.136925,-138.404348,
-74.944021,-57.999995,-9.986993,-106.808177,181.185641,
-12.761873,4.160948,-107.214849,158.952171,-140.058028,
-74.745614,-57.850553,-12.999082,-104.087499,179.910391,
-12.485449,8.277358,-106.808098,160.720316,-141.699959,
-74.547207,-57.406318,-16.000944,-101.335977,178.620048,
-12.209026,12.351588,-106.317316,162.440835,-143.330002,
-74.348801,-56.669553,-18.990217,-98.554427,177.314721,
-11.932603,16.362877,-105.742889,164.113220,-144.948022,
-74.150394,-55.644014,-21.964549,-95.743673,175.994520,
-11.656179,20.290785,-105.085269,165.736975,-146.553882,
-73.951988,-54.334925,-24.921601,-92.904548,174.659554,
-11.379756,24.115296,-104.344974,167.311619,-148.147448,
-73.753581,-52.748958,-27.859046,-90.037894,173.309936,
-11.103332,27.816920,-103.522585,168.836684,-149.728585,
-73.555175,-50.894194,-30.774573,-87.144559,171.945779,
-10.826909,31.376796,-102.618751,170.311719,-151.297162,
-73.356768,-48.780085,-33.665888,-84.225402,170.567197,
-10.550486,34.776783,-101.634181,171.736288,-152.853047,
-73.158362,-46.417404,-36.530716,-81.281287,169.174307,
-10.274062,37.999555,-100.569651,173.109967,-154.396109,
-72.959955,-43.818190,-39.366804,-78.313086,167.767225,
-9.997639,41.028691,-99.425998,174.432350,-155.926218,
-72.761548,-40.995689,-42.171921,-75.321680,166.346068,
-9.721216,43.848753,-98.204122,175.703044,-157.443247,
-72.563142,-37.964284,-44.943858,-72.307954,164.910957,
-9.444792,46.445373,-96.904984,176.921675,-158.947068,
-72.364735,-34.739421,-47.680437,-69.272801,163.462012,
-9.168369,48.805317,-95.529607,178.087879,-160.437556,
-72.166329,-31.337534,-50.379502,-66.217122,161.999354,
-8.891946,50.916561,-94.079071,179.201313,-161.914584,
-71.967922,-27.775958,-53.038932,-63.141821,160.523106,
-8.615522,52.768345,-92.554520,180.261645,-163.378029,
-71.769516,-24.072842,-55.656634,-60.047810,159.033392,
-8.339099,54.351235,-90.957151,181.268561,-164.827768,
-71.571109,-20.247057,-58.230548,-56.936005,157.530336,
-8.062676,55.657162,-89.288222,182.221764,-166.263680,
-71.372702,-16.318097,-60.758649,-53.807329,156.014065,
-7.786252,56.679474,-87.549046,183.120971,-167.685645,
-71.174296,-12.305984,-63.238949,-50.662709,154.484707,
-7.509829,57.412960,-85.740990,183.965915,-169.093542,
-70.975889,-8.231162,-65.669495,-47.503076,152.942388,
-7.233405,57.853883,-83.865479,184.756345,-170.487254,
-70.777483,-4.114396,-68.048376,-44.329368,151.387240,
-6.956982,57.999995,-81.923986,185.492029,-171.866664,
-70.579076,0.023336,-70.373720,-41.142523,149.819391,
-6.680559,57.850553,-79.918040,186.172747,-173.231656,
-70.380670,4.160948,-72.643698,-37.943487,148.238974,
-6.404135,57.406318,-77.849218,186.798298,-174.582115,
-70.182263,8.277358,-74.856524,-34.733207,146.646122,
-6.127712,56.669553,-75.719149,187.368497,-175.917929,
-69.983856,12.351588,-77.010457,-31.512636,145.040967,
-5.851289,55.644014,-73.529508,187.883175,-177.238986,
-69.785450,16.362877,-79.103801,-28.282726,143.423645,
-5.574865,54.334925,-71.282018,188.342179,-178.545173,
-69.587043,20.290785,-81.134911,-25.044436,141.794291,
-5.298442,52.748958,-68.978447,188.745372,-179.836383,
-69.388637,24.115296,-83.102189,-21.798724,140.153043,
-5.022019,50.894194,-66.620608,189.092637,-181.112506,
-69.190230,27.816920,-85.004086,-18.546553,138.500036,
-4.745595,48.780085,-64.210355,189.383869,-182.373436,
-68.991824,31.376796,-86.839106,-15.288886,136.835411,
-4.469172,46.417404,-61.749584,189.618983,-183.619067,
-68.793417,34.776783,-88.605806,-12.026689,135.159307,
-4.192748,43.818190,-59.240232,189.797909,-184.849294,
-68.595011,37.999555,-90.302795,-8.760928,133.471865,
-3.916325,40.995689,-56.684273,189.920593,-186.064014,
-68.396604,41.028691,-91.928739,-5.492571,131.773225,
-3.639902,37.964284,-54.083718,189.987000,-187.263125,
-68.198197,43.848753,-93.482359,-2.222586,130.063531,
-3.363478,34.739421,-51.440613,189.997109,-188.446526,
-67.999791,46.445373,-94.962431,1.048057,128.342926,
-3.087055,31.337534,-48.757037,189.950919,-189.614119,
-67.801384,48.805317,-96.367792,4.318390,126.611555,
-2.810632,27.775958,-46.035102,189.848441,-190.765805,
-67.602978,50.916561,-97.697336,7.587443,124.869562,
-2.534208,24.072842,-43.276948,189.689708,-191.901488,
-67.404571,52.768345,-98.950017,10.854247,123.117094,
-2.257785,20.247057,-40.484746,189.474765,-193.021073,
-67.206165,54.351235,-100.124849,14.117836,121.354297,
-1.981362,16.318097,-37.660694,189.203677,-194.124465,
-67.007758,55.657162,-101.220908,17.377240,119.581321,
-1.704938,12.305984,-34.807011,188.876524,-195.211571,
-66.809351,56.679474,-102.237332,20.631496,117.798312,
-1.428515,8.231162,-31.925945,188.493403,-196.282302,
-66.610945,57.412960,-103.173320,23.879638,116.005422,
-1.152092,4.114396,-29.019761,188.054427,-197.336567,
-66.412538,57.853883,-104.028138,27.120704,114.202800,
-0.875668,-0.023336,-26.090745,187.559726,-198.374277,
-66.214132,57.999995,-104.801112,30.353734,112.390597,
-0.599245,-4.160948,-23.141203,187.009447,-199.395345,
-66.015725,57.850553,-105.491633,33.577769,110.568966,
-0.322821,-8.277358,-20.173454,186.403754,-200.399687,
-65.817319,57.406318,-106.099160,36.791854,108.738059,
-0.046398,-12.351588,-17.189835,185.742825,-201.387217,
-65.618912,56.669553,-106.623213,39.995037,106.898031,
0.230025,-16.362877,-14.192691,185.026856,-202.357852,
-65.420505,55.644014,-107.063381,43.186369,105.049035,
0.506449,-20.290785,-11.184380,184.256060,-203.311512,
-65.222099,54.334925,-107.419317,46.364904,103.191226,
0.782872,-24.115296,-8.167271,183.430665,-204.248116,
-65.023692,52.748958,-107.690741,49.529699,101.324760,
1.059295,-27.816920,-5.143736,182.550915,-205.167586,
-64.825286,50.894194,-107.877440,52.679818,99.449795,
1.335719,-31.376796,-2.116155,181.617072,-206.069844,
-64.626879,48.780085,-107.979266,55.814327,97.566487,
1.612142,-34.776783,0.913092,180.629412,-206.954815,
-64.428473,46.417404,-107.996140,58.932297,95.674993,
1.888565,-37.999555,3.941620,179.588227,-207.822425,
-64.230066,43.818190,-107.928048,62.032804,93.775474,
2.164989,-41.028691,6.967047,178.493826,-208.672601,
-64.031660,40.995689,-107.775045,65.114929,91.868088,
2.441412,-43.848753,9.986993,177.346534,-209.505271,
-63.833253,37.964284,-107.537249,68.177760,89.952995,
2.717836,-46.445373,12.999082,176.146690,-210.320366,
-63.634846,34.739421,-107.214849,71.220387,88.030356,
2.994259,-48.805317,16.000944,174.894650,-211.117817,
-63.436440,31.337534,-106.808098,74.241911,86.100332,
3.270682,-50.916561,18.990217,173.590785,-211.897558,
-63.238033,27.775958,-106.317316,77.241435,84.163086,
3.547106,-52.768345,21.964549,172.235481,-212.659522,
-63.039627,24.072842,-105.742889,80.218071,82.218778,
3.823529,-54.351235,24.921601,170.829141,-213.403647,
-62.841220,20.247057,-105.085269,83.170937,80.267574,
4.099952,-55.657162,27.859046,169.372180,-214.129869,
-62.642814,16.318097,-104.344974,86.099157,78.309636,
4.376376,-56.679474,30.774573,167.865030,-214.838128,
-62.444407,12.305984,-103.522585,89.001864,76.345128,
4.652799,-57.412960,33.665888,166.308138,-215.528365,
-62.246000,8.231162,-102.618751,91.878198,74.374216,
4.929222,-57.853883,36.530716,164.701965,-216.200520,
-62.047594,4.114396,-101.634181,94.727306,72.397065,
5.205646,-57.999995,39.366804,163.046988,-216.854539,
-61.849187,-0.023336,-100.569651,97.548345,70.413840,
5.482069,-57.850553,42.171921,161.343697,-217.490366,
-61.650781,-4.160948,-99.425998,100.340478,68.424709,
5.758492,-57.406318,44.943858,159.592595,-218.107948,
-61.452374,-8.277358,-98.204122,103.102878,66.429837,
6.034916,-56.669553,47.680437,157.794204,-218.707232,
-61.253968,-12.351588,-96.904984,105.834726,64.429392,
6.311339,-55.644014,50.379502,155.949054,-219.288170,
-61.055561,-16.362877,-95.529607,108.535214,62.423543,
6.587763,-54.334925,53.038932,154.057693,-219.850711,
-60.857154,-20.290785,-94.079071,111.203540,60.412457,
6.864186,-52.748958,55.656634,152.120682,-220.394809,
-60.658748,-24.115296,-92.554520,113.838914,58.396302,
7.140609,-50.894194,58.230548,150.138593,-220.920418,
-60.460341,-27.816920,-90.957151,116.440555,56.375249,
7.417033,-48.780085,60.758649,148.112016,-221.427495,
-60.261935,-31.376796,-89.288222,119.007692,54.349467,
7.693456,-46.417404,63.238949,146.041550,-221.915996,
-60.063528,-34.776783,-87.549046,121.539564,52.319125,
7.969879,-43.818190,65.669495,143.927808,-222.385880,
-59.865122,-37.999555,-85.740990,124.035422,50.284395,
8.246303,-40.995689,68.048376,141.771418,-222.837109,
-59.666715,-41.028691,-83.865479,126.494526,48.245446,
8.522726,-37.964284,70.373720,139.573018,-223.269643,
-59.468309,-43.848753,-81.923986,128.916146,46.202449,
8.799149,-34.739421,72.643698,137.333259,-223.683448,
-59.269902,-46.445373,-79.918040,131.299566,44.155577,
9.075573,-31.337534,74.856524,135.052805,-224.078488,
-59.071495,-48.805317,-77.849218,133.644079,42.105001,
9.351996,-27.775958,77.010457,132.732333,-224.454731,
-58.873089,-50.916561,-75.719149,135.948990,40.050892,
9.628420,-24.072842,79.103801,130.372529,-224.812143,
-58.674682,-52.768345,-73.529508,138.213616,37.993424,
9.904843,-20.247057,81.134911,127.974092,-225.150697,
-58.476276,-54.351235,-71.282018,140.437287,35.932768,
10.181266,-16.318097,83.102189,125.537735,-225.470362,
-58.277869,-55.657162,-68.978447,142.619344,33.869098,
10.457690,-12.305984,85.004086,123.064177,-225.771113,
-58.079463,-56.679474,-66.620608,144.759139,31.802586,
10.734113,-8.231162,86.839106,120.554153,-226.052924,
-57.881056,-57.412960,-64.210355,146.856039,29.733407,
11.010536,-4.114396,88.605806,118.008407,-226.315772,
-57.682649,-57.853883,-61.749584,148.909422,27.661733,
11.286960,0.023336,90.302795,115.427691,-226.559634,
-57.484243,-57.999995,-59.240232,150.918680,25.587739,
11.563383,4.160948,91.928739,112.812773,-226.784490,
-57.285836,-57.850553,-56.684273,152.883218,23.511599,
11.839806,8.277358,93.482359,110.164425,-226.990321,
-57.087430,-57.406318,-54.083718,154.802453,21.433485,
12.116230,12.351588,94.962431,107.483433,-227.177110,
-56.889023,-56.669553,-51.440613,156.675817,19.353574,
